-- phpMyAdmin SQL Dump
-- version 3.5.7
-- http://www.phpmyadmin.net
--
-- Host: localhost
-- Generation Time: May 07, 2021 at 04:13 PM
-- Server version: 5.6.41-log
-- PHP Version: 5.6.40

SET SQL_MODE="NO_AUTO_VALUE_ON_ZERO";
SET time_zone = "+00:00";


/*!40101 SET @OLD_CHARACTER_SET_CLIENT=@@CHARACTER_SET_CLIENT */;
/*!40101 SET @OLD_CHARACTER_SET_RESULTS=@@CHARACTER_SET_RESULTS */;
/*!40101 SET @OLD_COLLATION_CONNECTION=@@COLLATION_CONNECTION */;
/*!40101 SET NAMES utf8 */;

--
-- Database: `ged`
--

-- --------------------------------------------------------

--
-- Table structure for table `agent`
--

CREATE TABLE IF NOT EXISTS `agent` (
  `IDENTIFIANT` int(5) NOT NULL AUTO_INCREMENT,
  `MATRICULE` varchar(5) NOT NULL,
  `MOT_PASSE` varchar(25) NOT NULL COMMENT 'MOT DE PASSE POUR L''ACCES A L''INTERFACE',
  `PREM_CONNEXION` int(1) NOT NULL DEFAULT '0' COMMENT '0:JAMAIS CONNECTE/1:DEJA CONNECTE/2:MOT DE PASSE A REINITIALISER',
  `DERNIERE_ACTION` int(11) NOT NULL DEFAULT '0' COMMENT 'GESTION DU TEMPS DE CONNEXION D''UN AGENT',
  `NOM` varchar(255) NOT NULL,
  `PRENOMS` varchar(255) NOT NULL,
  `SEXE` varchar(1) DEFAULT NULL,
  `EMAIL` varchar(100) DEFAULT NULL,
  `SITUATION_MATRI` int(1) DEFAULT NULL COMMENT '1-CELIBATAIRE 2-MARIE(E) 3-DIVORCE(E) 4-VEUF(VE)',
  `ID_POSTE` int(10) DEFAULT NULL,
  `ID_SERVICE` int(3) NOT NULL COMMENT 'CLE ETRANGERE DE LA TABLE SERVICE',
  `ID_BUREAU` int(3) DEFAULT NULL COMMENT 'CLE ETRANGERE DE LA TABLE BUREAU',
  `ID_FONCTION` int(3) NOT NULL COMMENT '1-AGENT/2-CHEF DE SERVICE/3-CHEF DE DEPARTEMENT/4-DIRECTEUR OPERATIONNEL/5-DAF/6-DRHCOM/7-SG/8-PR',
  `ID_CATEGORIE` int(3) DEFAULT NULL COMMENT 'CLE ETRANGERE DE LA TABLE CATEGORIE',
  `DATE_NAISS` date DEFAULT NULL,
  `LIEU_NAISS` varchar(255) DEFAULT NULL,
  `ADRESSE` varchar(255) DEFAULT NULL,
  `TELEPHONE` varchar(100) DEFAULT NULL,
  `DATE_EMBAUCHE` date DEFAULT NULL,
  `NUM_COMPTE` varchar(100) DEFAULT NULL,
  `SALAIRE BRUT` int(11) DEFAULT NULL,
  `SALAIRE NET` int(11) DEFAULT NULL,
  `ID_SUP_HIERARCHIQUE` int(5) DEFAULT NULL COMMENT 'CLE ETRANGERE DE LA TABLE AGENT',
  `STATUT` int(1) NOT NULL DEFAULT '0' COMMENT '0:ACTIF/1:INACTIF',
  `DEROGATION` int(1) NOT NULL DEFAULT '0' COMMENT '1:DEROGATION DAF/2:DEROGATION DRH',
  `DATE_CREATION` datetime NOT NULL DEFAULT CURRENT_TIMESTAMP,
  PRIMARY KEY (`IDENTIFIANT`),
  UNIQUE KEY `MATRICULE` (`MATRICULE`),
  KEY `FK_CATEGORIE` (`ID_CATEGORIE`),
  KEY `FK_AGENT` (`ID_SUP_HIERARCHIQUE`),
  KEY `FK_SERVICE` (`ID_SERVICE`),
  KEY `FK_FONCTION` (`ID_FONCTION`),
  KEY `FK_BUREAU` (`ID_BUREAU`)
) ENGINE=MyISAM  DEFAULT CHARSET=utf8 AUTO_INCREMENT=360 ;

--
-- Dumping data for table `agent`
--

INSERT INTO `agent` (`IDENTIFIANT`, `MATRICULE`, `MOT_PASSE`, `PREM_CONNEXION`, `DERNIERE_ACTION`, `NOM`, `PRENOMS`, `SEXE`, `EMAIL`, `SITUATION_MATRI`, `ID_POSTE`, `ID_SERVICE`, `ID_BUREAU`, `ID_FONCTION`, `ID_CATEGORIE`, `DATE_NAISS`, `LIEU_NAISS`, `ADRESSE`, `TELEPHONE`, `DATE_EMBAUCHE`, `NUM_COMPTE`, `SALAIRE BRUT`, `SALAIRE NET`, `ID_SUP_HIERARCHIQUE`, `STATUT`, `DEROGATION`, `DATE_CREATION`) VALUES
(1, '0725', '12345', 2, 0, 'BINDE', 'LOUIS ERIC VIRGIL', 'M', 'ericbinde@cci.ci', 1, 26, 5, 3, 1, 10, '1992-10-14', NULL, NULL, '', '2016-10-13', NULL, NULL, NULL, NULL, 1, 0, '2020-02-12 12:41:08'),
(5, '0530', '12345', 2, 0, 'BLAY', 'JEAN MARTIAL', 'M', '', 2, 5, 5, 3, 1, 3, '1974-02-11', 'Torogue', NULL, '', '2010-02-15', NULL, NULL, NULL, NULL, 1, 0, '2020-02-26 15:08:49'),
(2, '0511', '12345', 2, 0, 'AGBOTON', 'DINVOH FLORENT', 'M', 'aflorent@cci.ci', 2, 6, 2, 3, 3, 8, '1977-07-04', NULL, NULL, '', '2009-11-02', NULL, NULL, NULL, NULL, 0, 0, '2020-02-19 11:15:57'),
(3, '0613', '12345', 2, 0, 'KOUABENAN', 'ADOU KOUASSI', 'M', 'akouabenan@cci.ci', 2, 95, 3, 4, 6, 13, '1968-05-26', NULL, NULL, '', '2012-02-01', NULL, NULL, NULL, NULL, 0, 0, '2020-02-25 10:52:02'),
(4, '0726', '12345', 2, 0, 'KOULOU', 'ALIMAN MURIELLE', 'F', 'muriellekoulou@cci.ci', 1, 26, 5, 3, 1, 3, '1995-09-18', NULL, NULL, '', '2016-10-13', NULL, NULL, NULL, NULL, 1, 0, '2020-02-25 11:04:04'),
(6, '0478', '12345', 2, 0, 'BROU', 'NAFIASSOU PATERNE', 'M', 'paternebrou@cci.ci', 2, 30, 4, 3, 2, 18, '1978-04-15', NULL, NULL, '', '2010-10-11', NULL, NULL, NULL, NULL, 0, 0, '2020-02-26 15:10:09'),
(7, '0483', '12345', 2, 0, 'KOFFI', 'ADJOUA MARTINE', 'F', '', 1, 81, 5, 3, 1, 9, '1973-01-30', 'Abidjan,Treichville', NULL, '', '2009-10-21', NULL, NULL, NULL, NULL, 0, 0, '2020-02-27 13:36:34'),
(8, '0531', '12345', 2, 0, 'KANGAH', 'BILE JACOB', 'M', 'bilekangah@cci.ci', 2, 72, 7, 3, 4, 13, '1961-06-23', NULL, NULL, '', '2010-06-01', NULL, NULL, NULL, NULL, 0, 0, '2020-05-07 19:54:54'),
(9, '0532', '12345', 2, 0, 'KONAN KAN', 'OMER LUDOVIC', 'M', 'omerkonan@cci.ci', 2, 86, 8, NULL, 5, 13, '1964-07-03', NULL, NULL, '', '2011-02-15', NULL, NULL, NULL, NULL, 0, 0, '2020-05-07 19:58:45'),
(10, '0607', '12345', 2, 0, 'ENOKOU', 'VITAL NOEL', 'M', 'evital@cci.ci', 2, 60, 9, 3, 3, 8, '1978-01-07', NULL, NULL, '', '2011-12-16', NULL, NULL, NULL, NULL, 0, 0, '2020-05-07 20:03:43'),
(11, '0317', '12345', 2, 0, 'WASSA N''GUESSAN', 'AYA MADELEINE', 'F', 'amadeleine@cci.ci', 2, 137, 10, 3, 2, 18, '1979-08-24', NULL, NULL, '', '2005-08-02', NULL, NULL, NULL, NULL, 0, 0, '2020-05-07 20:03:43'),
(12, '0524', '12345', 2, 0, 'CHERIF', 'IBRAHIMAN', 'M', 'cherifibrahiman@cci.ci', 2, 31, 13, 3, 2, 7, '1979-02-18', NULL, NULL, '', '2009-12-08', NULL, NULL, NULL, NULL, 0, 0, '2020-05-07 20:55:05'),
(13, '0708', '12345', 2, 0, 'CISSOKO', 'SARAH TENE', 'F', '', 1, 33, 12, 3, 1, 3, '1983-07-08', NULL, NULL, '', '2016-04-26', NULL, NULL, NULL, NULL, 0, 0, '2020-05-07 20:55:05'),
(14, '0686', '12345', 2, 0, 'KOFFI', 'N''GUESSAN MARTINE', 'F', '', 1, 82, 12, 3, 1, 3, '1981-10-05', NULL, NULL, '', '2016-07-04', NULL, NULL, NULL, NULL, 0, 0, '2020-05-07 20:57:14'),
(15, '0727', '12345', 2, 0, 'ABRO', 'BADE RAPHAEL STEPHANE', 'M', 'stephaneabro@cci.ci', 1, 4, 5, 3, 1, 18, '1982-01-24', NULL, NULL, '', '2016-10-13', NULL, NULL, NULL, NULL, 0, 0, '2020-05-07 21:29:14'),
(16, '0656', '12345', 2, 0, 'TANO ADJOUA', 'BERTHE EVELYNE', 'F', '', 1, 59, 6, 3, 1, 3, '1984-06-01', 'ABIDJAN', 'hjg', '', '2013-06-01', NULL, NULL, NULL, NULL, 0, 0, '2020-05-07 21:36:28'),
(17, '0730', '12345', 2, 0, 'KOFFI-OURA', 'SERGE EMILE', 'M', '', 2, 84, 14, NULL, 7, 20, '1973-07-22', NULL, NULL, '', '2016-12-05', NULL, NULL, NULL, NULL, 0, 0, '2020-07-08 17:05:12'),
(18, '1111', '12345', 2, 0, 'TOURE', 'FAMA', 'M', NULL, 1, 6, 15, 1, 8, NULL, NULL, NULL, NULL, NULL, NULL, NULL, NULL, NULL, NULL, 0, 0, '2020-07-08 17:05:12'),
(19, '0480', '12345', 2, 0, 'KOUASSI', 'YAO CHARLES RENE', 'M', 'kcharles@cci.ci', 2, 24, 5, 3, 1, 10, '1973-12-30', NULL, NULL, '', '2009-10-21', NULL, NULL, NULL, NULL, 0, 0, '2020-07-08 17:09:40'),
(20, '0427', '12345', 2, 0, 'SORO', 'DOPIESSON', 'M', '', 2, 23, 5, 3, 1, 3, '1973-01-01', NULL, NULL, '', '2009-10-21', NULL, NULL, NULL, NULL, 0, 0, '2020-07-08 17:10:30'),
(21, '0373', '12345', 2, 0, 'BAMBA', 'VALOSSENI', 'M', '', 1, 23, 5, 3, 1, 3, '1979-05-05', NULL, NULL, '', '2009-10-21', NULL, NULL, NULL, NULL, 0, 0, '2020-07-08 17:10:30'),
(22, '0194', '12345', 2, 0, 'KOUASSI ÉP. OUATTARA', 'AYA INES', 'F', 'oines@cci.ci', 2, 10, 16, 4, 1, 3, '1976-09-10', NULL, NULL, '', '2000-01-03', NULL, NULL, NULL, NULL, 0, 0, '2020-08-13 14:17:17'),
(23, '0284', '12345', 2, 0, 'NIAMKE', 'JACQUELINE ATTOUA', 'F', 'njacqueline@cci.ci', 2, 117, 17, 4, 1, 4, '1972-07-06', NULL, NULL, '', '2003-09-01', NULL, NULL, NULL, NULL, 0, 0, '2020-08-13 14:17:17'),
(24, '0731', '12345', 2, 0, 'KOUASSI', 'KOFFI GUY-ELYSEE', 'M', '', 2, 3, 18, NULL, 1, 5, '1981-12-21', NULL, NULL, '', '2017-01-02', NULL, NULL, NULL, NULL, 0, 0, '2020-08-13 14:17:17'),
(25, '0745', '12345', 2, 0, 'SOUMAHORO', 'ADAMA', 'M', '', 1, 3, 18, NULL, 1, 6, '1990-10-18', NULL, NULL, '', '2019-01-14', NULL, NULL, NULL, NULL, 0, 0, '2020-08-13 14:17:17'),
(26, '0755', '12345', 2, 0, 'FOFANA', 'YAYA', 'M', '', 1, 3, 18, NULL, 1, 6, '1983-12-28', NULL, NULL, '', '2019-01-14', NULL, NULL, NULL, NULL, 0, 0, '2020-08-13 14:17:17'),
(27, '0300', '12345', 2, 0, 'KOFFI AHOU', 'MARIE-CHANTAL', 'F', '', 2, 83, 22, NULL, 3, 4, '1973-11-15', NULL, NULL, '', '2004-05-01', NULL, NULL, NULL, NULL, 0, 0, '2020-08-13 14:17:17'),
(28, '0310', '12345', 2, 0, 'YAO', 'NANAN RAOUL', 'M', '', 2, 140, 21, NULL, 3, 4, '1970-06-20', NULL, NULL, '', '2005-06-01', NULL, NULL, NULL, NULL, 0, 0, '2020-08-13 14:17:17'),
(29, '0646', '12345', 2, 0, 'KEITA', 'MAKAN FERDINAND', 'M', '', NULL, 74, 20, NULL, 1, 7, '1986-05-30', NULL, NULL, '', '2012-12-01', NULL, NULL, NULL, NULL, 0, 0, '2020-08-13 14:17:17'),
(30, '0661', '12345', 2, 0, 'SY', 'SAMBA', 'M', 'sambasy@cci.ci', 2, 74, 20, 4, 1, 7, '1972-12-23', NULL, NULL, '', '2013-12-01', NULL, NULL, NULL, NULL, 0, 0, '2020-08-13 14:17:17'),
(31, '0748', '12345', 2, 0, 'TOURE', 'KASSOUM', 'M', '', 1, 74, 20, NULL, 1, 7, '1992-03-13', NULL, NULL, '', '2017-12-04', NULL, NULL, NULL, NULL, 0, 0, '2020-08-13 14:17:17'),
(32, '0770', '12345', 2, 0, 'AIE', 'APIE HERMINE MARIE P', 'F', '', 1, 8, 19, NULL, 1, 3, '1996-11-20', NULL, NULL, '', '2020-03-01', NULL, NULL, NULL, NULL, 0, 0, '2020-08-13 14:17:17'),
(33, '0036', '12345', 2, 0, 'BEDA ÉP. NIKPEI', 'AMA DELPHINE', 'F', 'nikpeidelphine@cci.ci', 2, 25, 30, 4, 3, 8, '1966-11-26', NULL, NULL, '', '1992-09-15', NULL, NULL, NULL, NULL, 0, 0, '2020-08-13 14:17:17'),
(34, '0177', '12345', 2, 0, 'KOFFI', 'AKASSI JOELLE', 'F', 'kjoelle@cci.ci', 2, 77, 23, 4, 1, 4, '1970-11-21', NULL, NULL, '', '1999-01-18', NULL, NULL, NULL, NULL, 0, 0, '2020-08-13 14:17:17'),
(35, '0158', '12345', 2, 0, 'KACOU', 'MARIE HELENE AMEDEE', 'F', 'kmarie@cci.ci', 1, 71, 31, 4, 1, 9, '1960-06-02', NULL, NULL, '', '1996-11-04', NULL, NULL, NULL, NULL, 0, 0, '2020-08-13 14:17:17'),
(36, '0060', '12345', 2, 0, 'KOUASSI', 'YAO JULIEN', 'M', 'kjulien@cci.ci', 2, 19, 40, 4, 1, 10, '1964-07-10', NULL, NULL, '', '1995-10-01', NULL, NULL, NULL, NULL, 0, 0, '2020-08-13 14:17:17'),
(37, '0011', '12345', 2, 0, 'KRAHIBOUE', 'ASSOHOUN CYRIAQUE', 'M', '', 1, 109, 29, NULL, 1, 11, '1969-09-16', NULL, NULL, '', '1992-09-04', NULL, NULL, NULL, NULL, 0, 0, '2020-08-13 14:17:17'),
(38, '0172', '12345', 2, 0, 'EVOU', 'BOYE JEAN-CLAUDE', 'M', 'eboye@cci.ci', 2, 61, 29, 4, 1, 12, '1964-05-06', NULL, NULL, '', '1997-11-03', NULL, NULL, NULL, NULL, 0, 0, '2020-08-13 14:17:17'),
(39, '0206', '12345', 2, 0, 'KRAMO', 'N''GUESSAN', 'M', '', 2, 19, 31, NULL, 1, 3, '1975-08-31', NULL, NULL, '', '2001-08-01', NULL, NULL, NULL, NULL, 0, 0, '2020-08-13 14:17:17'),
(40, '0218', '12345', 2, 0, 'BOA', 'MIAN JEAN JACQUES', 'M', '', 2, 16, 33, 4, 33, 9, '1974-12-09', NULL, NULL, '', '2001-11-01', NULL, NULL, NULL, NULL, 0, 0, '2020-08-13 14:17:17'),
(41, '0231', '12345', 2, 0, 'KOFFI', 'KOUADIO MAXENCE', 'M', 'kouadiomax@cci.ci', 2, 78, 24, 4, 3, 8, '1962-12-11', NULL, NULL, '', '2001-11-12', NULL, NULL, NULL, NULL, 0, 0, '2020-08-13 14:17:17'),
(42, '0290', '12345', 2, 0, 'KONAN NOEL', 'BERENGER BLIMOU', 'M', 'kberenger@cci.ci', 2, 88, 38, 4, 2, 4, '1982-12-14', NULL, NULL, '', '2003-11-01', NULL, NULL, NULL, NULL, 0, 0, '2020-08-13 14:17:17'),
(43, '0293', '12345', 2, 0, 'CISSE', 'MORITIE', 'M', 'cmoritie@cci.ci', 2, 32, 37, 4, 3, 8, '1967-10-06', NULL, NULL, '', '2003-12-15', NULL, NULL, NULL, NULL, 0, 0, '2020-08-13 14:17:17'),
(44, '0294', '12345', 2, 0, 'SANGARE PINGUHE', 'DITE MARIAM', 'F', 'smariam@cci.ci', 1, 126, 39, 4, 2, 4, '1976-10-31', NULL, NULL, '', '2004-04-01', NULL, NULL, NULL, NULL, 0, 0, '2020-08-13 14:17:17'),
(45, '0297', '12345', 2, 0, 'KPAN', 'GOUANOU ARMEL', 'M', 'karmel@cci.ci', 1, 16, 33, 4, 33, 7, '1972-11-03', NULL, NULL, '', '2004-04-01', NULL, NULL, NULL, NULL, 0, 0, '2020-08-13 14:17:17'),
(46, '0305', '12345', 2, 0, 'ASSOUAKON', 'N''DOUBA NOEL', 'M', '', 2, 16, 33, NULL, 33, 10, '1977-12-24', NULL, NULL, '', '2005-01-01', NULL, NULL, NULL, NULL, 0, 0, '2020-08-13 14:17:17'),
(47, '0323', '12345', 2, 0, 'N''TAKPE', 'OWOCHI JACOB', 'M', '', 2, 3, 29, NULL, 1, 6, '1960-03-10', NULL, NULL, '', '2005-11-02', NULL, NULL, NULL, NULL, 0, 0, '2020-08-13 14:17:17'),
(48, '0348', '12345', 2, 0, 'OHOUO', 'JUDITH MARINA', 'F', 'omarina@cci.ci', 2, 119, 34, 4, 3, 8, '1973-07-20', NULL, NULL, '', '2008-04-01', NULL, NULL, NULL, NULL, 0, 0, '2020-08-13 14:17:17'),
(49, '0403', '12345', 2, 0, 'KOFFI', 'KOUAME FLORENTIN', 'M', '', 2, 79, 29, NULL, 1, 10, '1978-09-24', NULL, NULL, '', '2009-10-21', NULL, NULL, NULL, NULL, 0, 0, '2020-08-13 14:17:17'),
(50, '0470', '12345', 2, 0, 'KOUASSI', 'KONAN KAN', 'M', 'kkkouassi@cci.ci', 2, 107, 33, 2, 33, 9, '1973-12-19', NULL, NULL, '', '2009-10-21', NULL, NULL, NULL, NULL, 0, 0, '2020-08-13 14:17:17'),
(51, '0495', '12345', 2, 0, 'AGNIMEL', 'LASME GEORGES FIDELE', 'M', 'fideleagnimel@cci.ci', 2, 7, 32, 4, 3, 8, '1975-09-30', NULL, NULL, '', '2009-11-02', NULL, NULL, NULL, NULL, 0, 0, '2020-08-13 14:17:17'),
(52, '0522', '12345', 2, 0, 'KADIO', 'BEDA FLORENT PACOME', 'M', 'florentkadio@cci.ci', 2, 16, 33, 4, 33, 7, '1974-07-04', NULL, NULL, '', '2010-12-01', NULL, NULL, NULL, NULL, 0, 0, '2020-08-13 14:17:17'),
(53, '0579', '12345', 2, 0, 'ALLAGNAN', 'TOURE ALEXIS', 'M', '', 2, 3, 29, 4, 1, 14, '1973-05-31', NULL, NULL, '', '2011-12-01', NULL, NULL, NULL, NULL, 0, 0, '2020-08-13 14:17:17'),
(54, '0591', '12345', 2, 0, 'METOLA', 'DÉYA MEPHA GUILLAUME', 'M', 'metoladeya@cci.ci', 2, 19, 40, 4, 1, 3, '1978-09-12', NULL, NULL, '60204237', '2011-12-19', NULL, NULL, NULL, NULL, 0, 0, '2020-08-13 14:17:17'),
(55, '0610', '12345', 2, 0, 'BAKAYOKO', 'MARIAM CLARISSE', 'F', 'mariambakayoko@cci.ci', 1, 19, 40, 4, 1, 10, '1980-06-19', NULL, NULL, '', '2012-02-01', NULL, NULL, NULL, NULL, 0, 0, '2020-08-13 14:17:17'),
(56, '0614', '12345', 2, 0, 'FANNY', 'SINALI', 'M', '', 2, 63, 29, NULL, 1, 15, '1983-02-03', NULL, NULL, '', '2012-01-19', NULL, NULL, NULL, NULL, 0, 0, '2020-08-13 14:17:17'),
(57, '0615', '12345', 2, 0, 'KOFFI', 'BROU MARC', 'M', 'marckoffi@cci.ci', 1, 80, 35, 4, 2, 4, '1980-07-27', NULL, NULL, '', '2012-05-01', NULL, NULL, NULL, NULL, 0, 0, '2020-08-13 14:17:17'),
(58, '0636', '12345', 2, 0, 'DEMBELE', 'VAMARA', 'M', '', 2, 45, 29, NULL, 1, 14, '1985-06-28', NULL, NULL, '', '2012-07-26', NULL, NULL, NULL, NULL, 0, 0, '2020-08-13 14:17:17'),
(59, '0637', '12345', 2, 0, 'KOFFI', 'BENOIT KOUAKOU', 'M', '', 2, 3, 29, NULL, 1, 14, '1965-03-20', NULL, NULL, '', '2012-08-01', NULL, NULL, NULL, NULL, 0, 0, '2020-08-13 14:17:17'),
(60, '0641', '12345', 2, 0, 'KONE', 'KATIE', 'M', '', 2, 92, 36, NULL, 1, 7, '1972-04-12', NULL, NULL, '', '2012-10-01', NULL, NULL, NULL, NULL, 0, 0, '2020-08-13 14:17:17'),
(61, '0657', '12345', 2, 0, 'KONE', 'KEKE ALICE', 'F', 'alicekone@cci.ci', 1, 19, 40, 4, 1, 16, '1985-09-01', NULL, NULL, '', '2013-06-01', NULL, NULL, NULL, NULL, 0, 0, '2020-08-13 14:17:17'),
(62, '0658', '12345', 2, 0, 'ABDOUL', 'KARIM DJIRE', 'M', '', 2, 2, 29, NULL, 1, 15, '1978-04-22', NULL, NULL, '', '2013-06-01', NULL, NULL, NULL, NULL, 0, 0, '2020-08-13 14:17:17'),
(63, '0669', '12345', 2, 0, 'GORE', 'BI HUE SYLVAIN', 'M', '', 2, 2, 29, NULL, 1, 15, '1990-12-23', NULL, NULL, '', '2014-11-21', NULL, NULL, NULL, NULL, 0, 0, '2020-08-13 14:17:17'),
(64, '0687', '12345', 2, 0, 'KONATE', 'CORREATOU SENY', 'F', 'senykonate@cci.ci', 2, 19, 31, 4, 1, 3, '1991-03-15', NULL, NULL, '', '2015-06-08', NULL, NULL, NULL, NULL, 0, 0, '2020-08-13 14:17:17'),
(65, '0698', '12345', 2, 0, 'TIETIE BI', 'KOUAME ANATOLE', 'M', '', 2, 2, 29, NULL, 1, 15, '1969-02-05', NULL, NULL, '', '2015-06-24', NULL, NULL, NULL, NULL, 0, 0, '2020-08-13 14:17:17'),
(66, '0699', '12345', 2, 0, 'DIOMANDE', 'MAMADOU', 'M', '', 2, 3, 29, NULL, 1, 15, '1974-01-01', NULL, NULL, '', '2015-07-03', NULL, NULL, NULL, NULL, 0, 0, '2020-08-13 14:17:17'),
(67, '0700', '12345', 2, 0, 'ABDOUL', 'SAMADOU KOUYATE', 'M', '', 2, 3, 29, NULL, 1, 15, '1966-06-16', NULL, NULL, '', '2015-07-03', NULL, NULL, NULL, NULL, 0, 0, '2020-08-13 14:17:17'),
(68, '0709', '12345', 2, 0, 'ASSEMIAN ASSIAHUE', 'MARIE JOSEPH EMMANU.', 'F', 'marieassemian@cci.ci', 1, 15, 31, 4, 1, 3, '1988-04-14', NULL, NULL, '', '2016-07-04', NULL, NULL, NULL, NULL, 0, 0, '2020-08-13 14:17:17'),
(69, '0750', '12345', 2, 0, 'MEGNAN', 'ANOUMAMBIE SARAH', 'F', 'sarahmegnan@cci.ci', 1, 19, 40, 4, 1, 9, '1992-08-14', NULL, NULL, '', '2018-01-02', NULL, NULL, NULL, NULL, 0, 0, '2020-08-13 14:17:17'),
(70, '0751', '12345', 2, 0, 'KEITA', 'DJENEBOU', 'F', '', 1, 75, 31, NULL, 1, 5, '1988-09-23', NULL, NULL, '', '2018-08-20', NULL, NULL, NULL, NULL, 0, 0, '2020-08-13 14:17:17'),
(71, '0762', '12345', 2, 0, 'KEBE', 'AFNA', 'F', '', 1, 19, 40, NULL, 1, 3, '1994-12-15', NULL, NULL, '', '2019-09-09', NULL, NULL, NULL, NULL, 0, 0, '2020-08-13 14:17:17'),
(72, '0031', '12345', 2, 0, 'DJAMAT-DUBOIS', 'PULCHERIE MARTINE', 'F', 'dpulcherie@cci.ci', 2, 52, 45, 4, 1, 17, '1972-01-28', NULL, NULL, '', '1996-02-01', NULL, NULL, NULL, NULL, 0, 0, '2020-08-13 14:17:17'),
(73, '0205', '12345', 2, 0, 'DIARRASSOUBA EPSE GOHOUA', 'MAMAN', 'F', 'mdiarrassouba@cci.ci', 2, 51, 42, 4, 3, 8, '1968-01-06', NULL, NULL, '', '2014-01-20', NULL, NULL, NULL, NULL, 0, 0, '2020-08-13 14:17:17'),
(74, '0256', '12345', 2, 0, 'KIGNELMAN', 'YEYIRAYIO ROLANDE', 'F', 'rokignelman@cci.ci', 1, 10, 45, 4, 1, 9, '1974-07-02', NULL, NULL, '', '2002-04-01', NULL, NULL, NULL, NULL, 0, 0, '2020-08-13 14:17:17'),
(75, '0312', '12345', 2, 0, 'KONAN KOUADIO', 'DESIRE', 'M', 'kdesire@cci.ci', 2, 87, 41, 4, 4, 13, '1963-05-08', NULL, NULL, '', '2005-08-01', NULL, NULL, NULL, NULL, 0, 0, '2020-08-13 14:17:17'),
(76, '0340', '12345', 2, 0, 'YANGNI', 'EZOUMAH COLETTE', 'F', 'ycolette@cci.ci', 1, 139, 45, 4, 1, 7, '1974-04-03', NULL, NULL, '', '2007-04-01', NULL, NULL, NULL, NULL, 0, 0, '2020-08-13 14:17:17'),
(77, '0342', '12345', 2, 0, 'APATA', 'N''DRI THERESE', 'F', 'antherese@cci.ci', 1, 14, 45, 4, 1, 7, '1974-03-04', NULL, NULL, '', '2007-05-16', NULL, NULL, NULL, NULL, 0, 0, '2020-08-13 14:17:17'),
(78, '0361', '12345', 2, 0, 'N''GORAN', 'KOFFI ALPHONSE', 'M', 'nalphonse@cci.ci', 2, 112, 45, 4, 1, 7, '1970-12-12', NULL, NULL, '', '2009-07-01', NULL, NULL, NULL, NULL, 0, 0, '2020-08-13 14:17:17'),
(79, '0523', '12345', 2, 0, 'DOBRE', 'EMMANUEL PACOME', 'M', 'edobre@cci.ci', 2, 55, 46, 4, 3, 8, '1974-05-10', NULL, NULL, '', '2009-12-01', NULL, NULL, NULL, NULL, 0, 0, '2020-08-13 14:17:17'),
(80, '0540', '12345', 2, 0, 'KOUADIO', 'N''GUESSAN N''DA YAO HYACINTHE', 'M', 'hyacinthekouadio@cci.ci', 1, 96, 43, 4, 1, 7, '1977-07-08', NULL, NULL, '0708700036', '2010-10-11', NULL, NULL, NULL, NULL, 0, 0, '2020-08-13 14:17:17'),
(81, '0616', '12345', 2, 0, 'DAINHI', 'CATHERINE', 'F', 'catherinedainhi@cci.ci', 1, 42, 43, 4, 1, 7, '1972-03-26', NULL, NULL, '', '2012-05-02', NULL, NULL, NULL, NULL, 0, 0, '2020-08-13 14:17:17'),
(82, '0643', '12345', 2, 0, 'COMARA', 'MOUSSA', 'M', 'mcomara@cci.ci', 2, 34, 44, 4, 3, 8, '1978-09-09', NULL, NULL, '', '2012-10-08', NULL, NULL, NULL, NULL, 0, 0, '2020-08-13 14:17:17'),
(83, '0701', '12345', 2, 0, 'DON', 'MARIE REINE', 'F', 'mariedon@cci.ci', 2, 56, 43, 4, 1, 7, '1986-05-06', NULL, NULL, '', '2015-10-01', NULL, NULL, NULL, NULL, 0, 0, '2020-08-13 14:17:17'),
(84, '0703', '12345', 2, 0, 'SANOGO', 'ADJA SALIMATA', 'F', 'adjasanogo@cci.ci', 1, 127, 47, 1, 1, 7, '1989-07-23', NULL, NULL, '', '2015-10-01', NULL, NULL, NULL, NULL, 0, 0, '2020-08-13 14:17:17'),
(85, '0724', '12345', 2, 0, 'KONAN YAHNA', 'CYNTHIA BOM''FU', 'F', 'cynthiakonan@cci.ci', 1, 89, 45, 4, 1, 7, '1986-04-08', NULL, NULL, '', '2016-10-13', NULL, NULL, NULL, NULL, 0, 0, '2020-08-13 14:17:17'),
(86, '0732', '12345', 2, 0, 'COULIBALY YODANM', 'SINFINATA NANCY', 'F', 'nancycoulibaly@cci.ci', 1, 40, 43, 4, 1, 17, '1991-10-08', NULL, NULL, '', '2017-02-01', NULL, NULL, NULL, NULL, 0, 0, '2020-08-13 14:17:17'),
(87, '0733', '12345', 2, 0, 'DIAKITE', 'AIYOUBA', 'M', 'aiyoubadiakite@cci.ci', 1, 49, 47, 1, 1, 9, '1978-05-30', NULL, NULL, '', '2017-03-09', NULL, NULL, NULL, NULL, 0, 0, '2020-08-13 14:17:17'),
(88, '0753', '12345', 2, 0, 'TOURE', 'MANDJE', 'F', 'mandjetoure@cci.ci', 2, 133, 45, 4, 1, 18, '1974-08-30', NULL, NULL, '', '2018-10-01', NULL, NULL, NULL, NULL, 0, 0, '2020-08-13 14:17:17'),
(89, '0754', '12345', 2, 0, 'DIABATE', 'BAZOUMANA', 'M', 'bazoumanadiabate@cci.ci', 2, 47, 45, 4, 1, 18, '1973-06-11', NULL, NULL, '', '2019-01-02', NULL, NULL, NULL, NULL, 0, 0, '2020-08-13 14:17:17'),
(90, '0757', '12345', 2, 0, 'KLA', 'AHOU SANDRA', 'F', 'sandrakla@cci.ci', 1, 76, 43, 4, 1, 7, '1983-11-03', NULL, NULL, '', '2019-03-01', NULL, NULL, NULL, NULL, 0, 0, '2020-08-13 14:17:17'),
(91, '0759', '12345', 2, 0, 'TOURE', 'MARIAM', 'F', 'mariamtoure@cci.ci', 1, 134, 43, 4, 1, 3, '1993-07-31', NULL, NULL, '', '2019-04-01', NULL, NULL, NULL, NULL, 0, 0, '2020-08-13 14:17:17'),
(92, '0057', '12345', 2, 0, 'HENESSOU', 'BOSSE EMMANUEL', 'M', '', 2, 69, 51, NULL, 1, 17, '1967-12-30', NULL, NULL, '', '1995-04-01', NULL, NULL, NULL, NULL, 0, 0, '2020-08-13 14:17:17'),
(93, '0148', '12345', 2, 0, 'GOSSAN', 'ABOLE ANTOINE', 'M', 'gantoine@cci.ci', 2, 68, 48, 4, 3, 8, '1964-02-07', NULL, NULL, '', '1994-08-01', NULL, NULL, NULL, NULL, 0, 0, '2020-08-13 14:17:17'),
(94, '0349', '12345', 2, 0, 'DIABA ÉP. AKE', 'DJOMAN JUDITH', 'F', 'djudith@cci.ci', 2, 46, 50, 4, 3, 8, '1980-08-26', NULL, NULL, '', '2008-04-01', NULL, NULL, NULL, NULL, 0, 0, '2020-08-13 14:17:17'),
(95, '0644', '12345', 2, 0, 'KRA EPSE GNAOHRE AYA', 'MICHELLE O. TATIANA', 'F', '', 2, 19, 49, 4, 2, 10, '1983-04-10', NULL, NULL, '', '2012-11-19', NULL, NULL, NULL, NULL, 0, 0, '2020-08-13 14:17:17'),
(96, '0654', '12345', 2, 0, 'GBEDE', 'JULIANA JOSIANE', 'F', '', 1, 66, 55, NULL, 1, 7, '1967-12-01', NULL, NULL, '', '2013-04-15', NULL, NULL, NULL, NULL, 0, 0, '2020-08-13 14:17:17'),
(97, '0655', '12345', 2, 0, 'AMOUZOU', 'GILLES KOUASSI', 'M', 'gilleskouassi@cci.ci', 2, 13, 54, 4, 3, 8, '1979-02-11', NULL, NULL, '', '2013-05-01', NULL, NULL, NULL, NULL, 0, 0, '2020-08-13 14:17:17'),
(98, '0667', '12345', 2, 0, 'EHOUMAN', 'BOMOH SOLANGE', 'F', 'solangeehouman@cci.ci', 1, 59, 52, 4, 1, 5, '1978-09-24', NULL, NULL, '', '2014-09-01', NULL, NULL, NULL, NULL, 0, 0, '2020-08-13 14:17:17'),
(99, '0752', '12345', 2, 0, 'KOUAME', 'AMOIN EVELINE', 'F', 'evelinekouame@cci.ci', 1, 105, 55, 4, 1, 17, '1991-12-21', NULL, NULL, '', '2018-08-22', NULL, NULL, NULL, NULL, 0, 0, '2020-08-13 14:17:17'),
(100, '0758', '12345', 2, 0, 'KONE', 'TIRANKE AICHA', 'F', '', 1, 93, 53, NULL, 1, 3, '1993-05-02', NULL, NULL, '', '2019-03-01', NULL, NULL, NULL, NULL, 0, 0, '2020-08-13 14:17:17'),
(101, '0765', '12345', 2, 0, 'KOÏTA', 'FATOUMATA', 'F', '', 1, 66, 55, NULL, 1, 3, '1993-10-22', NULL, NULL, '', '2019-12-03', NULL, NULL, NULL, NULL, 0, 0, '2020-08-13 14:17:17'),
(102, '0344', '12345', 2, 0, 'LAGO', 'YAGBA HERVE', 'M', 'hervelago@cci.ci', 2, 110, 59, 4, 3, 8, '1969-01-24', NULL, NULL, '', '2007-11-01', NULL, NULL, NULL, NULL, 0, 0, '2020-08-13 14:17:17'),
(103, '0505', '12345', 2, 0, 'ODY', 'DOFFOU SYLVERE', 'M', 'odydoffou@cci.ci', 1, 47, 60, 4, 1, 7, '1977-04-04', NULL, NULL, '', '2009-10-21', NULL, NULL, NULL, NULL, 0, 0, '2020-08-13 14:17:17'),
(104, '0566', '12345', 2, 0, 'YAO', 'KOUAKOU GERMAIN', 'M', 'germainyao@cci.ci', 2, 141, 27, 4, 4, 13, '1973-11-09', NULL, NULL, '', '2010-11-01', NULL, NULL, NULL, NULL, 0, 0, '2020-08-13 14:17:17'),
(105, '0659', '12345', 2, 0, 'FOFANA', 'FATOUMATA', 'F', '', 1, 64, 60, NULL, 1, 5, '1978-09-25', NULL, NULL, '', '2013-06-24', NULL, NULL, NULL, NULL, 0, 0, '2020-08-13 14:17:17'),
(106, '0749', '12345', 2, 0, 'COULIBALY', 'NAN ASSETOU', 'F', 'assetoucoulibaly@cci.ci', 1, 35, 60, 4, 1, 9, '1989-10-22', NULL, NULL, '', '2018-01-02', NULL, NULL, NULL, NULL, 0, 0, '2020-08-13 14:17:17'),
(107, '0236', '12345', 2, 0, 'N''TAKPE', 'CHIENIN ROSINE', 'F', '', 2, 118, 12, 3, 1, 9, '1977-12-28', NULL, NULL, '', '2001-12-05', NULL, NULL, NULL, NULL, 0, 0, '2020-08-13 14:17:17'),
(108, '0315', '12345', 2, 0, 'GAZA', 'PATRICE', 'M', '', 2, 65, 12, 3, 1, 3, '1971-05-28', NULL, NULL, '', '2005-08-02', NULL, NULL, NULL, NULL, 0, 0, '2020-08-13 14:17:17'),
(109, '0320', '12345', 2, 0, 'COULIBALY KOLO', 'LYDIE', 'F', 'clydie@cci.ci', 1, 36, 12, 1, 1, 3, '1979-01-01', NULL, NULL, '', '2005-09-07', NULL, NULL, NULL, NULL, 0, 0, '2020-08-13 14:17:17'),
(110, '0367', '12345', 2, 0, 'AKAKI', 'GILLES BONARDEAUX', 'M', '', 2, 5, 5, 3, 1, 10, '1976-09-01', NULL, NULL, '', '2009-10-21', NULL, NULL, NULL, NULL, 0, 0, '2020-08-13 14:17:17'),
(111, '0374', '12345', 2, 0, 'BLESSY', 'AHOU DOMINIQUE ÉP. N', 'F', '', 2, 28, 5, 3, 1, 3, '1977-01-01', NULL, NULL, '', '2009-10-21', NULL, NULL, NULL, NULL, 0, 0, '2020-08-13 14:17:17'),
(112, '0375', '12345', 2, 0, 'BLI BI', 'IRIE CONSTANT', 'M', 'constantbli@cci.ci', 1, 27, 5, 3, 1, 3, '1981-10-31', NULL, NULL, '', '2009-10-21', NULL, NULL, NULL, NULL, 0, 0, '2020-08-13 14:17:17'),
(113, '0382', '12345', 2, 0, 'DIDO', 'N''DRIN  GUY ROLAND', 'M', '', 2, 36, 12, 3, 1, 3, '1976-11-24', NULL, NULL, '', '2009-10-21', NULL, NULL, NULL, NULL, 0, 0, '2020-08-13 14:17:17'),
(114, '0466', '12345', 2, 0, 'SERY', 'VOHI JEAN-LUC', 'M', 'jean-lucsery@cci.ci', 2, 27, 1, 1, 1, 3, '1975-12-28', NULL, NULL, '', '2009-10-21', NULL, NULL, NULL, NULL, 0, 0, '2020-08-13 14:17:17'),
(115, '0469', '12345', 2, 0, 'DALLE', 'OHOUEU KEVIN', 'M', 'kevindalle@cci.ci', 2, 16, 1, 1, 1, 3, '1978-12-27', NULL, NULL, '', '2009-10-21', NULL, NULL, NULL, NULL, 0, 0, '2020-08-13 14:17:17'),
(116, '0476', '12345', 2, 0, 'KOUASSI', 'KONAN  LAURENT', 'M', '', 2, 36, 12, 3, 1, 10, '1978-08-20', NULL, NULL, '', '2009-10-26', NULL, NULL, NULL, NULL, 0, 0, '2020-08-13 14:17:17'),
(117, '0482', '12345', 2, 0, 'BALLO', 'MAMADOU', 'M', '', 2, 5, 5, 3, 1, 10, '1971-03-30', NULL, NULL, '', '2010-10-11', NULL, NULL, NULL, NULL, 0, 0, '2020-08-13 14:17:17'),
(118, '0493', '12345', 2, 0, 'KOUADIO', 'AMANI BERNARD', 'M', 'kbernard@cci.ci', 1, 98, 63, 18, 3, 8, '1972-05-12', NULL, NULL, '', '2009-11-02', NULL, NULL, NULL, NULL, 0, 0, '2020-08-13 14:17:17'),
(119, '0494', '12345', 2, 0, 'YOBOUE', 'ZOUMANA CLAUDE', 'M', '', 2, 9, 5, 3, 1, 3, '1980-01-01', NULL, NULL, '', '2009-11-02', NULL, NULL, NULL, NULL, 0, 0, '2020-08-13 14:17:17'),
(120, '0479', '12345', 2, 0, 'EBROTTIE', 'ARNAUD', 'M', 'eclaude@cci.ci', 1, 58, 5, 3, 1, 10, '1985-09-16', NULL, NULL, '', '2009-10-21', NULL, NULL, NULL, NULL, 0, 0, '2020-08-13 14:17:17'),
(121, '0514', '12345', 2, 0, 'DJEDJE', 'DOUABOU ROGER DANIEL', 'M', '', 2, 53, 12, 13, 1, 3, '1975-06-04', NULL, NULL, '', '2009-11-02', NULL, NULL, NULL, NULL, 0, 0, '2020-08-13 14:17:17'),
(122, '0525', '12345', 2, 0, 'DABA', 'TRAORE', 'M', 'traoredaba@cci.ci', 2, 41, 11, 1, 2, 4, '1970-11-22', NULL, NULL, '', '2009-12-14', NULL, NULL, NULL, NULL, 0, 0, '2020-08-13 14:17:17'),
(123, '0526', '12345', 2, 0, 'YAPPI EP. GORE BI', 'AMENAN EMMA', 'F', 'yamenan@cci.ci', 2, 23, 5, 3, 1, 10, '1980-04-14', NULL, NULL, '', '2009-12-17', NULL, NULL, NULL, NULL, 0, 0, '2020-08-13 14:17:17'),
(124, '0539', '12345', 2, 0, 'KOUADIO', 'HERVE', 'M', '', 1, 5, 69, 9, 1, 3, '1980-11-04', NULL, NULL, '0102576408', '2010-10-11', NULL, NULL, NULL, NULL, 0, 0, '2020-08-13 14:17:17'),
(125, '0638', '12345', 2, 0, 'DIOMANDE', 'ISSOUF', 'M', '', 2, 36, 12, 2, 1, 3, '1979-03-13', NULL, NULL, '', '2012-10-01', NULL, NULL, NULL, NULL, 0, 0, '2020-08-13 14:17:17'),
(126, '0639', '12345', 2, 0, 'COULIBALY', 'KATIE EMILE', 'M', '', 1, 36, 12, 10, 1, 3, '1985-05-22', NULL, NULL, '', '2012-10-01', NULL, NULL, NULL, NULL, 0, 0, '2020-08-13 14:17:17'),
(127, '0719', '12345', 2, 0, 'BEDA', 'ADJO JOCELYNE', 'F', '', 1, 24, 5, 3, 1, 3, '1987-07-16', NULL, NULL, '', '2016-07-04', NULL, NULL, NULL, NULL, 0, 0, '2020-08-13 14:17:17'),
(128, '0728', '12345', 2, 0, 'KOUROUMA', 'RICHARD', 'M', 'richardkourouma@cci.ci', 2, 102, 5, 3, 1, 10, '1981-07-07', NULL, NULL, '', '2016-10-13', NULL, NULL, NULL, NULL, 0, 0, '2020-08-13 14:17:17'),
(129, '0729', '12345', 2, 0, 'KOUAKOU', 'YAO FREDERIC', 'M', 'frederickkouakou@cci.ci', 2, 102, 5, 3, 1, 10, '1976-07-25', NULL, NULL, '', '2016-10-13', NULL, NULL, NULL, NULL, 0, 0, '2020-08-13 14:17:17'),
(130, '0735', '12345', 2, 0, 'SOW', 'RAPHIATOU', 'F', 'rafiatousow@cci.ci', 2, 130, 12, 3, 1, 3, '1992-06-24', NULL, NULL, '', '2017-05-15', NULL, NULL, NULL, NULL, 0, 0, '2020-08-13 14:17:17'),
(131, '0738', '12345', 2, 0, 'DABO', 'BAKARY', 'M', '', 2, 5, 5, 3, 1, 3, '1978-07-20', NULL, NULL, '', '2017-06-01', NULL, NULL, NULL, NULL, 0, 0, '2020-08-13 14:17:17'),
(132, '0192', '12345', 2, 0, 'ADIATOU', 'SALIMATA', 'F', '', NULL, 11, 28, 5, 4, NULL, '0000-00-00', NULL, NULL, '', '0000-00-00', NULL, NULL, NULL, NULL, 0, 0, '2020-08-13 14:17:17'),
(133, '0199', '12345', 2, 0, 'KOUAME', 'N''GUESSAN HYACINTHE', 'M', 'kouamehyacinthe@cci.ci', 2, 111, 61, 18, 3, 8, '1968-01-31', NULL, NULL, '', '2001-02-01', NULL, NULL, NULL, NULL, 0, 0, '2020-08-13 14:17:17'),
(134, '0316', '12345', 2, 0, 'KORANDJI EP. ALLIALI ARMELLE', 'SONIA', 'F', 'ksonia@cci.ci', 2, 99, 62, 18, 1, 16, '1976-09-13', NULL, NULL, '', '2005-08-02', NULL, NULL, NULL, NULL, 0, 0, '2020-08-13 14:17:17'),
(135, '0662', '12345', 2, 0, 'TOURE', 'ADAMA SANATA', 'F', '', 1, 35, 62, NULL, 1, 10, '1986-04-10', NULL, NULL, '', '2014-01-27', NULL, NULL, NULL, NULL, 0, 0, '2020-08-13 14:17:17'),
(136, '0722', '12345', 2, 0, 'LOGON', 'MARIE CHARLOTTE', 'F', '', 1, 113, 62, NULL, 1, 7, '1972-04-16', NULL, NULL, '', '2016-07-18', NULL, NULL, NULL, NULL, 0, 0, '2020-08-13 14:17:17'),
(137, '0065', '12345', 2, 0, 'SAIN', 'OGUIE', 'M', '', 2, 125, 57, NULL, 1, 19, '1959-01-14', NULL, NULL, '', '1993-07-20', NULL, NULL, NULL, NULL, 0, 0, '2020-08-13 14:17:17'),
(138, '0044', '12345', 2, 0, 'AKA', 'ANNE MARIE FAITAI', 'F', '', 1, 10, 57, NULL, 1, 7, '1967-12-27', NULL, NULL, '', '1992-10-01', NULL, NULL, NULL, NULL, 0, 0, '2020-08-13 14:17:17'),
(139, '0322', '12345', 2, 0, 'TOURE', 'SOUMAILA', 'M', '', NULL, 135, 56, NULL, 1, 7, '1977-06-07', NULL, NULL, '', '2006-02-01', NULL, NULL, NULL, NULL, 0, 0, '2020-08-13 14:17:17'),
(140, '0517', '12345', 2, 0, 'DRO ÉP. SAHIE', 'BINTOU MARIE MADELE.', 'F', '', 2, 57, 57, NULL, 1, 16, '1971-10-04', NULL, NULL, '', '2009-11-02', NULL, NULL, NULL, NULL, 0, 0, '2020-08-13 14:17:17'),
(141, '0651', '12345', 2, 0, 'OUELLE', 'YADIO LYNDA SIMONE', 'F', '', 1, 122, 58, NULL, 1, 3, '1982-12-08', NULL, NULL, '', '2013-03-04', NULL, NULL, NULL, NULL, 0, 0, '2020-08-13 14:17:17'),
(142, '0763', '12345', 2, 0, 'AMOIN', 'KONAN', 'M', '', 1, 3, 57, NULL, 1, 6, '1977-03-06', NULL, NULL, '', '2019-10-01', NULL, NULL, NULL, NULL, 0, 0, '2020-08-13 14:17:17'),
(143, '0743', '12345', 2, 0, 'ABBE', 'SEKA HERVE FULGENCE', 'M', '', 1, 1, 1, 1, 1, 5, '1984-12-07', NULL, NULL, '', '2017-08-01', NULL, NULL, NULL, NULL, 0, 0, '2020-09-18 08:19:47'),
(144, '0413', '12345', 2, 0, 'ABISSA', 'KOUAME KOUMAN MATH.', 'M', '', 2, 1, 68, 2, 1, 5, '1982-01-09', NULL, NULL, '', '2010-10-11', NULL, NULL, NULL, NULL, 0, 0, '2020-09-18 08:19:47'),
(145, '0435', '12345', 2, 0, 'ADON', 'ATSE CLAVER', 'M', '', 1, 1, 1, 1, 1, 5, '1971-12-17', NULL, NULL, '', '2009-10-21', NULL, NULL, NULL, NULL, 0, 0, '2020-09-18 08:19:47'),
(146, '0364', '12345', 2, 0, 'ADOUKO', 'PATRICK HENRI', 'M', '', 1, 1, 5, 3, 1, 5, '1980-12-22', NULL, NULL, '', '2009-10-21', NULL, NULL, NULL, NULL, 0, 0, '2020-09-18 08:19:47'),
(147, '0551', '12345', 2, 0, 'AGBASSI MALANGO', 'ASSIKON BLANDINE T.', 'F', 'tatianaagbassi@cci.ci', 1, 5, 1, 1, 1, 3, '1983-06-04', NULL, NULL, '60625098', '2010-10-18', NULL, NULL, NULL, NULL, 0, 0, '2020-09-18 08:19:47'),
(148, '0670', '12345', 2, 0, 'AGBO', 'ROMUALD GABRIEL YAO', 'M', '', 1, 1, 5, 3, 1, 5, '1981-06-19', NULL, NULL, '', '2016-07-04', NULL, NULL, NULL, NULL, 0, 0, '2020-09-18 08:19:47'),
(149, '0366', '12345', 2, 0, 'AGNIMEL', 'AGAMAN MARIUS PHILIP', 'M', '', 1, 1, 5, 3, 1, 5, '1973-12-11', NULL, NULL, '', '2009-10-21', NULL, NULL, NULL, NULL, 0, 0, '2020-09-18 08:19:47'),
(150, '0577', '12345', 2, 0, 'AGRE', 'DJOMO RODOLPHE', 'M', '', 1, 1, 5, 3, 1, 5, '1982-08-12', NULL, NULL, '0506055684', '2016-07-04', NULL, NULL, NULL, NULL, 0, 0, '2020-09-18 08:19:47'),
(151, '0468', '12345', 2, 0, 'AKA', 'FRANCK SOSTHENE', 'M', 'franckaka@cci.ci', 1, 9, 1, 1, 1, 3, '1978-09-23', NULL, NULL, '', '2009-10-21', NULL, NULL, NULL, NULL, 0, 0, '2020-09-18 08:19:47'),
(152, '0436', '12345', 2, 0, 'ALLA', 'ATTOUNGBRE GEORGES', 'M', 'georgesalla@cci.ci', 2, 9, 1, 1, 1, 3, '1977-05-11', NULL, NULL, '', '2009-10-21', NULL, NULL, NULL, NULL, 0, 0, '2020-09-18 08:19:47'),
(153, '0437', '12345', 2, 0, 'ALLUI', 'JEAN-LUC PIKAUT', 'M', '', 1, 9, 1, 1, 1, 3, '1980-01-27', NULL, NULL, '', '2009-10-21', NULL, NULL, NULL, NULL, 0, 0, '2020-09-18 08:19:47'),
(154, '0516', '12345', 2, 0, 'AMANI', 'KAKOU ALPHONSE', 'M', '', 1, 12, 70, 3, 1, 3, '1983-12-30', NULL, NULL, '', '2009-11-02', NULL, NULL, NULL, NULL, 0, 0, '2020-09-18 08:19:47'),
(155, '0739', '12345', 2, 0, 'AMANI KRA', 'JEAN-BAPTISTE', 'M', '', 1, 1, 5, 3, 1, 5, '1987-10-03', NULL, NULL, '', '2017-06-01', NULL, NULL, NULL, NULL, 0, 0, '2020-09-18 08:19:47'),
(156, '0736', '12345', 2, 0, 'AMICHIA N''GUESSAN', 'MOCKEYTCHI CLAUDE-M.', 'M', '', 1, 1, 5, 3, 1, 5, '1986-02-11', NULL, NULL, '', '2017-05-15', NULL, NULL, NULL, NULL, 0, 0, '2020-09-18 08:19:47'),
(157, '0711', '12345', 2, 0, 'AMON', 'EKOU BERNARD', 'M', '', 1, 1, 5, 3, 1, 5, '1980-07-02', NULL, NULL, '', '2016-07-04', NULL, NULL, NULL, NULL, 0, 0, '2020-09-18 08:19:47'),
(158, '0585', '12345', 2, 0, 'ANGAN', 'KOUASSI ALPHONSE', 'M', '', 1, 1, 5, 3, 1, 5, '1981-07-27', NULL, NULL, '', '2015-11-01', NULL, NULL, NULL, NULL, 0, 0, '2020-09-18 08:19:47'),
(159, '0368', '12345', 2, 0, 'ANO', 'ELOUAFLIN JEAN', 'M', '', 2, 1, 5, 3, 1, 5, '1976-12-25', NULL, NULL, '', '2009-10-21', NULL, NULL, NULL, NULL, 0, 0, '2020-09-18 08:19:47'),
(160, '0473', '12345', 2, 0, 'ASSEMIAN', 'MARTIN', 'M', '', 1, 1, 1, 1, 1, 5, '1974-12-31', NULL, NULL, '', '2009-10-29', NULL, NULL, NULL, NULL, 0, 0, '2020-09-18 08:19:47'),
(161, '0742', '12345', 2, 0, 'ASSI', 'KPECOUKPE LUC CLAVER', 'M', '', 2, 1, 1, 1, 1, 5, '1979-10-17', NULL, NULL, '', '2017-08-01', NULL, NULL, NULL, NULL, 0, 0, '2020-09-18 08:19:47'),
(162, '0369', '12345', 2, 0, 'ATTA', 'GILBERT EMMANUEL', 'M', '', 2, 1, 5, 3, 1, 5, '1981-02-18', NULL, NULL, '', '2009-10-21', NULL, NULL, NULL, NULL, 0, 0, '2020-09-18 08:19:47'),
(163, '0370', '12345', 2, 0, 'ATTOH', 'MONNEY PAUL MARIE', 'M', '', 1, 1, 5, 3, 1, 5, '1972-01-04', NULL, NULL, '', '2009-10-21', NULL, NULL, NULL, NULL, 0, 0, '2020-09-18 08:19:47'),
(164, '0371', '12345', 2, 0, 'AYOUB', 'COULIBALY', 'M', '', 2, 1, 5, 3, 1, 5, '1971-06-12', NULL, NULL, '', '2009-10-21', NULL, NULL, NULL, NULL, 0, 0, '2020-09-18 08:19:47'),
(165, '0440', '12345', 2, 0, 'BAHI', 'DESIRE GERVAIS', 'M', '', 2, 1, 1, 1, 1, 5, '1975-12-23', NULL, NULL, '', '2009-10-21', NULL, NULL, NULL, NULL, 0, 0, '2020-09-18 08:19:47'),
(166, '0672', '12345', 2, 0, 'BAMBA', 'ISSA STEPHANE AB.', 'M', '', 1, 1, 5, 3, 1, 5, '1983-03-01', NULL, NULL, '', '2015-11-01', NULL, NULL, NULL, NULL, 0, 0, '2020-09-18 08:19:47'),
(167, '0689', '12345', 2, 0, 'BENETTE', 'KABLAN HERMANN D''ASS', 'M', '', 1, 1, 1, 1, 1, 5, '1981-10-04', NULL, NULL, '', '2016-07-04', NULL, NULL, NULL, NULL, 0, 0, '2020-09-18 08:19:47'),
(168, '0441', '12345', 2, 0, 'BETTA DEGRI', 'AZON MONIQUE ADELE', 'F', 'moniquebetta@cci.ci', 2, 9, 1, 1, 1, 3, '1977-08-05', NULL, NULL, '', '2009-10-21', NULL, NULL, NULL, NULL, 0, 0, '2020-09-18 08:19:47'),
(169, '0503', '12345', 2, 0, 'BLEGUI', 'GONEDRE JOSEPH', 'M', 'josephblegui@cci.ci', 2, 27, 5, 3, 1, 3, '1967-12-28', NULL, NULL, '', '2009-11-02', NULL, NULL, NULL, NULL, 0, 0, '2020-09-18 08:19:47'),
(170, '0507', '12345', 2, 0, 'BOHOUSSOU', 'MOROU SEVERIN', 'M', '', 2, 1, 5, 3, 1, 5, '1980-11-28', NULL, NULL, '', '2010-10-11', NULL, NULL, NULL, NULL, 0, 0, '2020-09-18 08:19:47'),
(171, '0442', '12345', 2, 0, 'BONI', 'AFFESSY HUBERT', 'M', '', 1, 1, 1, 1, 1, 5, '1968-07-10', NULL, NULL, '', '2009-10-21', NULL, NULL, NULL, NULL, 0, 0, '2020-09-18 08:19:47'),
(172, '0487', '12345', 2, 0, 'BOTCHA', 'ANGBAKO GHISLAIN', 'M', '', 1, 1, 5, 3, 1, 5, '1978-04-24', NULL, NULL, '', '2009-10-28', NULL, NULL, NULL, NULL, 0, 0, '2020-09-18 08:19:47'),
(173, '0620', '12345', 2, 0, 'BOUE', 'BI IRIE CHRISTOPHE', 'M', '', 2, 29, 70, 9, 1, 14, '1986-12-24', NULL, NULL, '', '2012-05-21', NULL, NULL, NULL, NULL, 0, 0, '2020-09-18 08:19:47'),
(174, '0488', '12345', 2, 0, 'COME', 'DAVID KPAN', 'M', '', 1, 1, 5, 3, 1, 5, '1968-09-27', NULL, NULL, '', '2009-10-21', NULL, NULL, NULL, NULL, 0, 0, '2020-09-18 08:19:47'),
(175, '0612', '12345', 2, 0, 'COULIBALY YEGNAN', 'ATCHOUMOU ODILE', 'F', 'odilecoulibaly@cci.ci', 1, 39, 65, 9, 2, 18, '1980-05-02', NULL, NULL, '', '2012-02-01', NULL, NULL, NULL, NULL, 0, 0, '2020-09-18 08:19:47'),
(176, '0629', '12345', 2, 0, 'DAGO', 'DIASHE BARNABE', 'M', '', 1, 1, 5, 3, 1, 5, '1972-12-20', NULL, NULL, '', '2012-05-21', NULL, NULL, NULL, NULL, 0, 0, '2020-09-18 08:19:47'),
(177, '0502', '12345', 2, 0, 'DAGOU', 'AKA ANICET', 'M', '', 2, 1, 68, 2, 1, 5, '1974-04-17', NULL, NULL, '', '2009-11-02', NULL, NULL, NULL, NULL, 0, 0, '2020-09-18 08:19:47'),
(178, '0379', '12345', 2, 0, 'DIABATE', 'ADAMA', 'M', '', 2, 1, 5, 3, 1, 5, '1968-10-28', NULL, NULL, '', '2009-10-21', NULL, NULL, NULL, NULL, 0, 0, '2020-09-18 08:19:47'),
(179, '0380', '12345', 2, 0, 'DIABATE', 'ADAMAN', 'M', '', 1, 1, 5, 3, 1, 5, '1977-06-18', NULL, NULL, '', '2009-10-21', NULL, NULL, NULL, NULL, 0, 0, '2020-09-18 08:19:47'),
(180, '0704', '12345', 2, 0, 'DIABY', 'AMINATA', 'F', '', 1, 48, 69, 9, 1, 3, '1991-07-27', NULL, NULL, '', '2015-12-01', NULL, NULL, NULL, NULL, 0, 0, '2020-09-18 08:19:47'),
(181, '0512', '12345', 2, 0, 'DIARRA', 'YAYA', 'M', 'dyaya@cci.ci', 2, 50, 67, 2, 2, 4, '1965-10-27', NULL, NULL, '', '2009-11-02', NULL, NULL, NULL, NULL, 0, 0, '2020-09-18 08:19:47'),
(182, '0715', '12345', 2, 0, 'DIARRA', 'MODIBO', 'M', '', 1, 1, 5, 3, 1, 5, '1982-09-28', NULL, NULL, '', '2016-07-04', NULL, NULL, NULL, NULL, 0, 0, '2020-09-18 08:19:47'),
(183, '0723', '12345', 2, 0, 'DIGBEU EPSE LAGOUTH', 'TODJA PELAGIE', 'F', '', 2, 1, 68, 2, 1, 5, '1976-12-26', NULL, NULL, '', '2016-07-18', NULL, NULL, NULL, NULL, 0, 0, '2020-09-18 08:19:47'),
(184, '0624', '12345', 2, 0, 'DJEDJE', 'EDGARD LANDRY', 'M', '', 1, 1, 5, 3, 1, 5, '1980-03-03', NULL, NULL, '', '2012-05-21', NULL, NULL, NULL, NULL, 0, 0, '2020-09-18 08:19:47'),
(185, '0625', '12345', 2, 0, 'DJEREYE', 'GUIGREI EGRON MICHEL', 'M', '', 2, 29, 70, 9, 1, 14, '1964-02-15', NULL, NULL, '', '2012-05-21', NULL, NULL, NULL, NULL, 0, 0, '2020-09-18 08:19:47'),
(186, '0741', '12345', 2, 0, 'DOUKOURE', 'IBRAHIMA', 'M', '', 1, 1, 1, 1, 1, 5, '1988-04-04', NULL, NULL, '', '2017-07-17', NULL, NULL, NULL, NULL, 0, 0, '2020-09-18 08:19:47'),
(187, '0384', '12345', 2, 0, 'ESSE', 'YA CAMILLE', 'M', '', 2, 1, 5, 3, 1, 5, '1983-07-08', NULL, NULL, '', '2009-10-21', NULL, NULL, NULL, NULL, 0, 0, '2020-09-18 08:19:47'),
(188, '0673', '12345', 2, 0, 'ETTY', 'NIAMKE ETCHE JEANNE', 'F', '', 1, 1, 5, 3, 1, 5, '1979-03-25', NULL, NULL, '', '2016-07-04', NULL, NULL, NULL, NULL, 0, 0, '2020-09-18 08:19:47'),
(189, '0388', '12345', 2, 0, 'FANIN', 'MAGANGNAN ROBERT', 'M', '', 2, 62, 5, 3, 1, 5, '1979-05-04', NULL, NULL, '', '2009-11-16', NULL, NULL, NULL, NULL, 0, 0, '2020-09-18 08:19:47'),
(190, '0385', '12345', 2, 0, 'FETE', 'KOUASSI ARNAUD', 'M', '', 1, 1, 5, 3, 1, 5, '1980-01-01', NULL, NULL, '', '2009-10-21', NULL, NULL, NULL, NULL, 0, 0, '2020-09-18 08:19:47'),
(191, '0499', '12345', 2, 0, 'FOFANA', 'DJAKARIDJA', 'M', '', 1, 1, 1, 1, 1, 5, '1978-12-20', NULL, NULL, '', '2010-10-11', NULL, NULL, NULL, NULL, 0, 0, '2020-09-18 08:19:47'),
(192, '0674', '12345', 2, 0, 'FOFANA', 'IBRAHIM', 'M', '', 1, 29, 70, 14, 1, 5, '1983-04-08', NULL, NULL, '', '2016-01-01', NULL, NULL, NULL, NULL, 0, 0, '2020-09-18 08:19:47'),
(193, '0386', '12345', 2, 0, 'FOTO', 'N''DOLLY ALEXIS', 'M', '', 1, 1, 5, 3, 1, 5, '1983-02-17', NULL, NULL, '', '2009-10-21', NULL, NULL, NULL, NULL, 0, 0, '2020-09-18 08:19:47'),
(194, '0740', '12345', 2, 0, 'GAHA', 'JEAN JORESSE RANDY', 'M', '', 1, 1, 5, 3, 1, 5, '1986-09-11', NULL, NULL, '', '2017-06-01', NULL, NULL, NULL, NULL, 0, 0, '2020-09-18 08:19:47'),
(195, '0387', '12345', 2, 0, 'GAHE', 'ROLAND', 'M', 'rolandgahe@cci.ci', 2, 27, 5, 3, 1, 3, '1979-12-27', NULL, NULL, '', '2009-10-21', NULL, NULL, NULL, NULL, 0, 0, '2020-09-18 08:19:47'),
(196, '0445', '12345', 2, 0, 'GAHOU', 'GNAGBO MACAIRE', 'M', '', 2, 1, 1, 1, 1, 5, '1974-10-22', NULL, NULL, '', '2009-10-21', NULL, NULL, NULL, NULL, 0, 0, '2020-09-18 08:19:47'),
(197, '0318', '12345', 2, 0, 'GBOKRY AKISSI', 'EDWIGE SYLVIE KOFFI', 'F', '', 2, 67, 69, 9, 1, 10, '1968-07-08', NULL, NULL, '', '2005-08-02', NULL, NULL, NULL, NULL, 0, 0, '2020-09-18 08:19:47'),
(198, '0389', '12345', 2, 0, 'GBOLE', 'CHARLES', 'M', '', 2, 1, 5, 3, 1, 5, '1973-12-29', NULL, NULL, '', '2009-10-21', NULL, NULL, NULL, NULL, 0, 0, '2020-09-18 08:19:47'),
(199, '0390', '12345', 2, 0, 'GNAGNE', 'AGNES RENE BRASSARD', 'M', '', 2, 1, 5, 3, 1, 5, '1978-10-20', NULL, NULL, '', '2009-10-21', NULL, NULL, NULL, NULL, 0, 0, '2020-09-18 08:19:47'),
(200, '0575', '12345', 2, 0, 'GNALLA', 'BORIS OLIVIER FABRIC', 'M', '', 1, 1, 1, 1, 1, 5, '1979-03-10', NULL, NULL, '0544536289,0140089890', '2011-08-16', NULL, NULL, NULL, NULL, 0, 0, '2020-09-18 08:19:47'),
(201, '0391', '12345', 2, 0, 'GNONSIAN', 'GASPARD', 'M', '', 2, 1, 5, 3, 1, 5, '1964-07-26', NULL, NULL, '', '2009-10-21', NULL, NULL, NULL, NULL, 0, 0, '2020-09-18 08:19:47'),
(202, '0446', '12345', 2, 0, 'GOLLY', 'MOLI VINCENT', 'M', '', 2, 62, 1, 1, 1, 5, '1980-09-14', NULL, NULL, '', '2009-10-21', NULL, NULL, NULL, NULL, 0, 0, '2020-09-18 08:19:47'),
(203, '0537', '12345', 2, 0, 'GREGOIRE', 'KOHOU GOORE', 'M', '', 1, 1, 5, 3, 1, 5, '1972-09-03', NULL, NULL, '0709546998', '2010-10-11', NULL, NULL, NULL, NULL, 0, 0, '2020-09-18 08:19:47'),
(204, '0392', '12345', 2, 0, 'GUEI', 'GNANAKE YVES', 'M', '', 2, 1, 5, 3, 1, 5, '1978-01-13', NULL, NULL, '', '2009-10-21', NULL, NULL, NULL, NULL, 0, 0, '2020-09-18 08:19:47'),
(205, '0766', '12345', 2, 0, 'HAMZA', 'SEKOU', 'M', '', 1, 1, 5, 3, 1, 5, '1981-05-14', NULL, NULL, '', '2020-02-03', NULL, NULL, NULL, NULL, 0, 0, '2020-09-18 08:19:47'),
(206, '0393', '12345', 2, 0, 'IRIE BI', 'GOORE ADOLPHE', 'M', '', 2, 1, 5, 3, 1, 5, '1971-02-11', NULL, NULL, '', '2009-10-21', NULL, NULL, NULL, NULL, 0, 0, '2020-09-18 08:19:47'),
(207, '0394', '12345', 2, 0, 'IRIKPA', 'BAGOLI LAZARE', 'M', '', 1, 1, 5, 3, 1, 5, '1970-12-26', NULL, NULL, '', '2009-10-21', NULL, NULL, NULL, NULL, 0, 0, '2020-09-18 08:19:47'),
(208, '0395', '12345', 2, 0, 'KACOU', 'BENIE JACOB', 'M', '', 1, 1, 5, 3, 1, 5, '1981-12-27', NULL, NULL, '', '2012-02-11', NULL, NULL, NULL, NULL, 0, 0, '2020-09-18 08:19:47'),
(209, '0563', '12345', 2, 0, 'KADJO-MAMI', 'AKA ELIE GERARD', 'M', '', 2, 1, 1, 1, 1, 5, '1979-07-29', NULL, NULL, '', '2010-10-22', NULL, NULL, NULL, NULL, 0, 0, '2020-09-18 08:19:47'),
(210, '0447', '12345', 2, 0, 'KAH', 'KONAN HERVE', 'M', '', 1, 62, 1, 1, 1, 5, '1977-01-03', NULL, NULL, '', '2009-10-21', NULL, NULL, NULL, NULL, 0, 0, '2020-09-18 08:19:47'),
(211, '0398', '12345', 2, 0, 'KAKOU', 'SOGWE ARMAND', 'M', '', 2, 1, 5, 3, 1, 5, '1979-01-01', NULL, NULL, '', '2009-10-21', NULL, NULL, NULL, NULL, 0, 0, '2020-09-18 08:19:47'),
(212, '0631', '12345', 2, 0, 'KANGA', 'KASSI ROLAND', 'M', '', 1, 1, 5, 3, 1, 5, '1974-03-21', NULL, NULL, '', '2012-05-21', NULL, NULL, NULL, NULL, 0, 0, '2020-09-18 08:19:47'),
(213, '0399', '12345', 2, 0, 'KARAMOKO', 'SOULEYMANE', 'M', '', 2, 62, 5, 3, 1, 5, '1980-07-17', NULL, NULL, '', '2009-10-21', NULL, NULL, NULL, NULL, 0, 0, '2020-09-18 08:19:47'),
(214, '0609', '12345', 2, 0, 'KE KUHIPOMON', 'ARMAND RAOUL', 'M', '', 1, 73, 69, 9, 1, 3, '1982-07-09', NULL, NULL, '', '2012-02-01', NULL, NULL, NULL, NULL, 0, 0, '2020-09-18 08:19:47'),
(215, '0401', '12345', 2, 0, 'KEITA', 'IBRAHIM KALIL', 'M', '', 1, 1, 5, 3, 1, 5, '1981-03-05', NULL, NULL, '', '2009-10-21', NULL, NULL, NULL, NULL, 0, 0, '2020-09-18 08:19:47'),
(216, '0601', '12345', 2, 0, 'KEKE', 'KOKORA MARIUS TRÉSOR', 'M', '', 1, 1, 1, 1, 1, 5, '1982-02-22', NULL, NULL, '0546334322', '2016-07-04', NULL, NULL, NULL, NULL, 0, 0, '2020-09-18 08:19:47'),
(217, '0402', '12345', 2, 0, 'KOBLAN', 'MIESSAN FLORENTIN', 'M', '', 1, 62, 5, 3, 1, 5, '1974-09-17', NULL, NULL, '', '2009-10-21', NULL, NULL, NULL, NULL, 0, 0, '2020-09-18 08:19:47'),
(218, '0691', '12345', 2, 0, 'KODJO', 'ABOU JEAN-MARC', 'M', '', 1, 1, 5, 3, 1, 5, '1979-07-07', NULL, NULL, '', '2015-11-01', NULL, NULL, NULL, NULL, 0, 0, '2020-09-18 08:19:47'),
(219, '0404', '12345', 2, 0, 'KOFFI', 'YAO', 'M', '', 2, 62, 5, 3, 1, 5, '1975-11-24', NULL, NULL, '', '2009-10-21', NULL, NULL, NULL, NULL, 0, 0, '2020-09-18 08:19:47'),
(220, '0448', '12345', 2, 0, 'KOFFI', 'KOFFI HERMAN ARTHUR', 'M', 'arthurkoffi@cci.ci', 1, 9, 1, 1, 1, 3, '1981-04-11', NULL, NULL, '', '2009-10-21', NULL, NULL, NULL, NULL, 0, 0, '2020-09-18 08:19:47'),
(221, '0506', '12345', 2, 0, 'KOFFI', 'KOUAKOU', 'M', '', 1, 1, 68, 2, 1, 5, '1975-12-30', NULL, NULL, '', '2009-11-02', NULL, NULL, NULL, NULL, 0, 0, '2020-09-18 08:19:47'),
(222, '0602', '12345', 2, 0, 'KOFFI', 'ABBÉ JEFELIN', 'M', '', 1, 1, 5, 3, 1, 5, '1988-05-08', NULL, NULL, '0747325980', '2015-11-01', NULL, NULL, NULL, NULL, 0, 0, '2020-09-18 08:19:47'),
(223, '0621', '12345', 2, 0, 'KOFFI', 'KOUAME N''GORAN MAT.', 'M', '', 1, 29, 70, 9, 1, 14, '1973-07-21', NULL, NULL, '', '2012-05-21', NULL, NULL, NULL, NULL, 0, 0, '2020-09-18 08:19:47'),
(224, '0405', '12345', 2, 0, 'KOKOLA', 'N''GUESSAN ARMAND', 'M', 'armandkokola@cci.ci', 2, 1, 5, 3, 1, 5, '1980-09-30', NULL, NULL, '', '2009-10-21', NULL, NULL, NULL, NULL, 0, 0, '2020-09-18 08:19:47'),
(225, '0450', '12345', 2, 0, 'KONAN', 'YAO MOISE', 'M', '', 1, 1, 1, 1, 1, 5, '1978-01-01', NULL, NULL, '', '2009-10-21', NULL, NULL, NULL, NULL, 0, 0, '2020-09-18 08:19:47'),
(226, '0771', '12345', 2, 0, 'KONAN', 'KONAN', 'M', '', 1, 1, 5, 3, 1, 5, '1978-01-01', NULL, NULL, '', '2020-04-01', NULL, NULL, NULL, NULL, 0, 0, '2020-09-18 08:19:47'),
(227, '0744', '12345', 2, 0, 'KONATE', 'DJENEBA', 'F', '', 1, 1, 5, 3, 1, 5, '1980-05-31', NULL, NULL, '', '2017-08-01', NULL, NULL, NULL, NULL, 0, 0, '2020-09-18 08:19:47'),
(228, '0716', '12345', 2, 0, 'KONE', 'OUGNOUROU', 'M', '', 1, 1, 1, 1, 1, 5, '1987-02-03', NULL, NULL, '', '2016-07-04', NULL, NULL, NULL, NULL, 0, 0, '2020-09-18 08:19:47'),
(229, '0630', '12345', 2, 0, 'KORE', 'PREGNON PARFAIT', 'M', '', 1, 29, 70, 9, 1, 14, '1982-06-03', NULL, NULL, '', '2012-05-21', NULL, NULL, NULL, NULL, 0, 0, '2020-09-18 08:19:47'),
(230, '0451', '12345', 2, 0, 'KORE BOYO', 'HYACINTHE SERGE RAO.', 'M', '', 1, 1, 1, 1, 1, 5, '1983-09-17', NULL, NULL, '', '2009-10-21', NULL, NULL, NULL, NULL, 0, 0, '2020-09-18 08:19:47'),
(231, '0263', '12345', 2, 0, 'KOUADIO', 'N''GUESSAN THERESE', 'F', 'ktherese@cci.ci', 1, 97, 64, 9, 3, 8, '1966-10-02', NULL, NULL, '', '2002-06-01', NULL, NULL, NULL, NULL, 0, 0, '2020-09-18 08:19:47'),
(232, '0452', '12345', 2, 0, 'KOUADIO', 'ASSI OLIVIER', 'M', '', 1, 1, 1, 1, 1, 5, '1980-12-23', NULL, NULL, '', '2011-08-16', NULL, NULL, NULL, NULL, 0, 0, '2020-09-18 08:19:47'),
(233, '0675', '12345', 2, 0, 'KOUADIO', 'VALERI DE TIEMOKO', 'M', '', 1, 1, 5, 3, 1, 5, '1984-01-01', NULL, NULL, '', '2016-07-04', NULL, NULL, NULL, NULL, 0, 0, '2020-09-18 08:19:47'),
(234, '0696', '12345', 2, 0, 'KOUADIO', 'AMANI ANGE', 'M', '', 1, 29, 70, 19, 1, 14, '1979-08-21', NULL, NULL, '', '2015-06-19', NULL, NULL, NULL, NULL, 0, 0, '2020-09-18 08:19:47'),
(235, '0557', '12345', 2, 0, 'KOUADJO', 'AMOIN LYDIE CARINE', 'F', 'carinekouadjo@cci.ci', 2, 9, 1, 1, 1, 3, '1983-03-20', NULL, NULL, '0102681258', '2010-10-18', NULL, NULL, NULL, NULL, 0, 0, '2020-09-18 08:19:47'),
(236, '0484', '12345', 2, 0, 'KOUAHO', 'PACOME SIMPLICE', 'M', '', 2, 1, 5, 3, 1, 3, '1976-11-28', NULL, NULL, '', '2010-10-11', NULL, NULL, NULL, NULL, 0, 0, '2020-09-18 08:19:47'),
(237, '0015', '12345', 2, 0, 'KOUAKOU', 'KOUADIO ANTOINE', 'M', '', 2, 101, 1, 1, 1, 9, '1962-05-22', NULL, NULL, '', '1992-09-04', NULL, NULL, NULL, NULL, 0, 0, '2020-09-18 08:19:47'),
(238, '0327', '12345', 2, 0, 'KOUAKOU', 'KOUASSI EDMOND', 'M', 'kedmond@cci.ci', 1, 5, 5, 3, 1, 10, '1978-11-20', NULL, NULL, '', '2005-12-01', NULL, NULL, NULL, NULL, 0, 0, '2020-09-18 08:19:47'),
(239, '0408', '12345', 2, 0, 'KOUAKOU', 'KOFFI THEODORE', 'M', '', 1, 1, 5, 3, 1, 5, '1978-08-26', NULL, NULL, '', '2009-10-21', NULL, NULL, NULL, NULL, 0, 0, '2020-09-18 08:19:47'),
(240, '0500', '12345', 2, 0, 'KOUAKOU', 'KONAN KAN  INNOCENT', 'M', '', 1, 1, 1, 1, 1, 5, '1978-12-29', NULL, NULL, '', '2009-11-02', NULL, NULL, NULL, NULL, 0, 0, '2020-09-18 08:19:47'),
(241, '0626', '12345', 2, 0, 'KOUAKOU', 'KOUADIO N''KRUMAN EU.', 'M', '', 1, 29, 70, 9, 1, 5, '1968-12-27', NULL, NULL, '', '2015-06-19', NULL, NULL, NULL, NULL, 0, 0, '2020-09-18 08:19:47'),
(242, '0690', '12345', 2, 0, 'KOUAKOU', 'FIENI BASILE', 'M', '', 2, 1, 5, 3, 1, 5, '1986-01-01', NULL, NULL, '', '2016-07-04', NULL, NULL, NULL, NULL, 0, 0, '2020-09-18 08:19:47'),
(243, '0717', '12345', 2, 0, 'KOUAKOU', 'KOFFI  JULIEN', 'M', '', 1, 1, 1, 1, 1, 5, '1970-03-15', NULL, NULL, '', '2016-07-04', NULL, NULL, NULL, NULL, 0, 0, '2020-09-18 08:19:47'),
(244, '0410', '12345', 2, 0, 'KOUAME', 'KOFFI ALAIN', 'M', '', 2, 1, 5, 3, 1, 5, '1975-08-30', NULL, NULL, '', '2009-10-21', NULL, NULL, NULL, NULL, 0, 0, '2020-09-18 08:19:47'),
(245, '0411', '12345', 2, 0, 'KOUAME', 'KOFFI ERIC', 'M', '', 1, 1, 5, 20, 1, 5, '1981-10-16', NULL, NULL, '', '2009-10-21', NULL, NULL, NULL, NULL, 0, 0, '2020-09-18 08:19:47'),
(246, '0412', '12345', 2, 0, 'KOUAME', 'KOFFI SIMPLICE', 'M', '', 2, 1, 5, 3, 1, 5, '1972-02-14', NULL, NULL, '', '2009-10-21', NULL, NULL, NULL, NULL, 0, 0, '2020-09-18 08:19:47'),
(247, '0619', '12345', 2, 0, 'KOUAME', 'YAO MATHURIN', 'M', '', 1, 29, 70, 9, 1, 14, '1985-12-28', NULL, NULL, '', '2012-05-21', NULL, NULL, NULL, NULL, 0, 0, '2020-09-18 08:19:47'),
(248, '0772', '12345', 2, 0, 'KOUAME', 'HONORINE FRANCOISE', 'F', '', 1, 1, 5, 3, 1, 5, '1982-05-16', NULL, NULL, '', '2020-04-01', NULL, NULL, NULL, NULL, 0, 0, '2020-09-18 08:19:47'),
(249, '0409', '12345', 2, 0, 'KOUAME AFFOUE', 'TOUCOU CYBELE', 'F', '', 2, 1, 5, 3, 1, 5, '1976-12-26', NULL, NULL, '', '2009-10-21', NULL, NULL, NULL, NULL, 0, 0, '2020-09-18 08:19:47'),
(250, '0414', '12345', 2, 0, 'KOUAO', 'ELEBIA BEZIWOH', 'M', 'elebiakouao@cci.ci', 2, 106, 69, 9, 1, 11, '1976-12-28', NULL, NULL, '', '2009-10-21', NULL, NULL, NULL, NULL, 0, 0, '2020-09-18 08:19:47'),
(251, '0415', '12345', 2, 0, 'KOUASSI', 'KOUADIO OLIVIER', 'M', '', 2, 1, 5, 19, 1, 5, '1977-10-25', NULL, NULL, '', '2009-10-21', NULL, NULL, NULL, NULL, 0, 0, '2020-09-18 08:19:47'),
(252, '0417', '12345', 2, 0, 'KOUASSI', 'STEPHANE ATSE', 'M', '', 1, 1, 5, 3, 1, 5, '1973-12-30', NULL, NULL, '', '2009-10-21', NULL, NULL, NULL, NULL, 0, 0, '2020-09-18 08:19:47'),
(253, '0454', '12345', 2, 0, 'KOUASSI', 'KOUADIO OSWALD', 'M', '', 1, 1, 1, 1, 1, 5, '1982-09-04', NULL, NULL, '', '2009-10-21', NULL, NULL, NULL, NULL, 0, 0, '2020-09-18 08:19:47'),
(254, '0678', '12345', 2, 0, 'KOUASSI', 'KONAN LAURENT', 'M', '', 1, 1, 5, 3, 1, 5, '1981-05-13', NULL, NULL, '', '2016-07-04', NULL, NULL, NULL, NULL, 0, 0, '2020-09-18 08:19:47'),
(255, '0490', '12345', 2, 0, 'KOUMAN', 'ADJOUA', 'F', '', 1, 108, 5, 3, 1, 3, '1981-12-28', NULL, NULL, '', '2009-10-21', NULL, NULL, NULL, NULL, 0, 0, '2020-09-18 08:19:47'),
(256, '0508', '12345', 2, 0, 'KOUNSORE', 'DABIRE', 'M', '', 2, 1, 5, 3, 1, 5, '1970-11-11', NULL, NULL, '', '2009-11-02', NULL, NULL, NULL, NULL, 0, 0, '2020-09-18 08:19:47'),
(257, '0541', '12345', 2, 0, 'KOUNTON', 'CODJO AFIA ODILE', 'F', '', 1, 1, 5, 3, 1, 5, '1973-12-14', NULL, NULL, '0748200947', '2010-10-11', NULL, NULL, NULL, NULL, 0, 0, '2020-09-18 08:19:47'),
(258, '0418', '12345', 2, 0, 'KPAN', 'RUPHIN HENRI', 'M', '', 2, 1, 5, 3, 1, 5, '1977-12-28', NULL, NULL, '', '2009-10-21', NULL, NULL, NULL, NULL, 0, 0, '2020-09-18 08:19:47'),
(259, '0521', '12345', 2, 0, 'LEGRE', 'GUY CONSTANT', 'M', '', 1, 1, 1, 1, 1, 5, '1978-12-31', NULL, NULL, '', '2009-11-10', NULL, NULL, NULL, NULL, 0, 0, '2020-09-18 08:19:47'),
(260, '0714', '12345', 2, 0, 'LEZOU', 'YACE MARIE MIREILLE', 'F', '', 1, 1, 5, 3, 1, 5, '1990-11-15', NULL, NULL, '', '2016-07-04', NULL, NULL, NULL, NULL, 0, 0, '2020-09-18 08:19:47'),
(261, '0558', '12345', 2, 0, 'LOUGBA', 'SERGE ST CLAIR', 'M', '', 1, 1, 1, 1, 1, 5, '1972-11-26', NULL, NULL, '0707229200', '2010-10-18', NULL, NULL, NULL, NULL, 0, 0, '2020-09-18 08:19:47'),
(262, '0014', '12345', 2, 0, 'LOUKOU', 'KOUADIO SERGE', 'M', 'lserge@cci.ci', 2, 101, 5, 3, 1, 16, '1970-03-31', NULL, NULL, '', '1996-01-01', NULL, NULL, NULL, NULL, 0, 0, '2020-09-18 08:19:47'),
(263, '0456', '12345', 2, 0, 'MAMBO', 'ATSE GERMAIN', 'M', 'atsemanbo@cci.ci', 2, 1, 1, 1, 1, 5, '1976-05-28', NULL, NULL, '', '2009-10-21', NULL, NULL, NULL, NULL, 0, 0, '2020-09-18 08:19:47'),
(264, '0712', '12345', 2, 0, 'M''BEKROU', 'JEAN-EMMANUEL', 'M', '', 2, 1, 5, 3, 1, 5, '1974-01-03', NULL, NULL, '', '2016-07-04', NULL, NULL, NULL, NULL, 0, 0, '2020-09-18 08:19:47');
INSERT INTO `agent` (`IDENTIFIANT`, `MATRICULE`, `MOT_PASSE`, `PREM_CONNEXION`, `DERNIERE_ACTION`, `NOM`, `PRENOMS`, `SEXE`, `EMAIL`, `SITUATION_MATRI`, `ID_POSTE`, `ID_SERVICE`, `ID_BUREAU`, `ID_FONCTION`, `ID_CATEGORIE`, `DATE_NAISS`, `LIEU_NAISS`, `ADRESSE`, `TELEPHONE`, `DATE_EMBAUCHE`, `NUM_COMPTE`, `SALAIRE BRUT`, `SALAIRE NET`, `ID_SUP_HIERARCHIQUE`, `STATUT`, `DEROGATION`, `DATE_CREATION`) VALUES
(265, '0574', '12345', 2, 0, 'MIAN', 'CLAUDE MACAIRE', 'M', '', 2, 1, 1, 1, 1, 5, '1980-03-22', NULL, NULL, '0505330147', '2011-08-16', NULL, NULL, NULL, NULL, 0, 0, '2020-09-18 08:19:47'),
(266, '0420', '12345', 2, 0, 'MOUROUFIE', 'KOUADIO BIO', 'M', '', 1, 1, 5, 3, 1, 5, '1982-12-20', NULL, NULL, '', '2009-10-21', NULL, NULL, NULL, NULL, 0, 0, '2020-09-18 08:19:47'),
(267, '0680', '12345', 2, 0, 'NAO', 'DIEZAN AUBIN', 'M', '', 1, 1, 5, 3, 1, 5, '1985-08-20', NULL, NULL, '', '2015-11-01', NULL, NULL, NULL, NULL, 0, 0, '2020-09-18 08:19:47'),
(268, '0421', '12345', 2, 0, 'N''CHO', 'AKA CHRISTOPHE', 'M', '', 2, 1, 5, 3, 1, 5, '1969-02-10', NULL, NULL, '', '2009-10-21', NULL, NULL, NULL, NULL, 0, 0, '2020-09-18 08:19:47'),
(269, '0556', '12345', 2, 0, 'N''DRI', 'KOUADIO JEAN PATRICK', 'M', '', 2, 62, 1, 1, 1, 5, '1975-12-25', NULL, NULL, '40293996', '2010-10-18', NULL, NULL, NULL, NULL, 0, 0, '2020-09-18 08:19:47'),
(270, '0623', '12345', 2, 0, 'N''DRI', 'KOFFI CHARLES', 'M', '', 2, 1, 5, 19, 1, 5, '1982-01-01', NULL, NULL, '', '2012-05-21', NULL, NULL, NULL, NULL, 0, 0, '2020-09-18 08:19:47'),
(271, '0564', '12345', 2, 0, 'NEA', 'HIE GEORGES', 'M', 'georgesnea@cci.ci', 2, 9, 1, 1, 1, 3, '1979-02-09', NULL, NULL, '', '2010-10-26', NULL, NULL, NULL, NULL, 0, 0, '2020-09-18 08:19:47'),
(272, '0681', '12345', 2, 0, 'N''GOUAN', 'KURIBOA LEA', 'F', 'leangouan@cci.ci', 1, 5, 5, 3, 1, 3, '1976-05-08', NULL, NULL, '', '2015-10-01', NULL, NULL, NULL, NULL, 0, 0, '2020-09-18 08:19:47'),
(273, '0423', '12345', 2, 0, 'N''GUESSAN', 'KOUADIO MOISE', 'M', '', 1, 1, 5, NULL, 1, 5, '1984-03-17', NULL, NULL, '', '2009-10-21', NULL, NULL, NULL, NULL, 0, 0, '2020-09-18 08:19:48'),
(274, '0424', '12345', 2, 0, 'N''GUESSAN', 'KOUAME ROGER', 'M', '', 1, 114, 5, 3, 1, 3, '1976-12-19', NULL, NULL, '', '2010-10-11', NULL, NULL, NULL, NULL, 0, 0, '2020-09-18 08:19:48'),
(275, '0627', '12345', 2, 0, 'N''GUESSAN', 'KUYO BORIS ANSELME', 'M', '', 2, 115, 70, 14, 1, 5, '1977-12-31', NULL, NULL, '', '2012-05-21', NULL, NULL, NULL, NULL, 0, 0, '2020-09-18 08:19:48'),
(276, '0554', '12345', 2, 0, 'N''GUESSAN NÉE BROU', 'BIATCHOA MANUELAH', 'F', '', 2, 1, 1, 1, 1, 5, '1978-12-20', NULL, NULL, '0707178811', '2016-07-04', NULL, NULL, NULL, NULL, 0, 0, '2020-09-18 08:19:48'),
(277, '0707', '12345', 2, 0, 'NIAMIEN', 'KOFFI SERGE', 'M', '', 1, 12, 70, 3, 1, 3, '1976-09-19', NULL, NULL, '', '2016-03-21', NULL, NULL, NULL, NULL, 0, 0, '2020-09-18 08:19:48'),
(278, '0682', '12345', 2, 0, 'NIANGORAN', 'ALAIN', 'M', '', 1, 1, 5, 3, 1, 5, '1979-10-02', NULL, NULL, '', '2015-10-01', NULL, NULL, NULL, NULL, 0, 0, '2020-09-18 08:19:48'),
(279, '0720', '12345', 2, 0, 'NIKPEI', 'BIALY STEPHANE', 'M', '', 1, 1, 5, 3, 1, 5, '1988-05-15', NULL, NULL, '', '2016-07-04', NULL, NULL, NULL, NULL, 0, 0, '2020-09-18 08:19:48'),
(280, '0549', '12345', 2, 0, 'N''KPOME', 'N''CHO JEAN-MARIE', 'M', '', 1, 1, 5, 3, 1, 5, '1979-12-23', NULL, NULL, '0504855991', '2010-10-11', NULL, NULL, NULL, NULL, 0, 0, '2020-09-18 08:19:48'),
(281, '0425', '12345', 2, 0, 'ORSOT', 'TCHIMOU GERARD', 'M', '', 1, 1, 5, 3, 1, 5, '1980-01-03', NULL, NULL, '', '2009-10-21', NULL, NULL, NULL, NULL, 0, 0, '2020-09-18 08:19:48'),
(282, '0694', '12345', 2, 0, 'OUATTARA', 'MAMADOU', 'M', '', 1, 120, 5, 19, 1, 14, '1997-02-01', NULL, NULL, '', '2015-05-07', NULL, NULL, NULL, NULL, 0, 0, '2020-09-18 08:19:48'),
(283, '0544', '12345', 2, 0, 'OULAÏ', 'GBONGUEYE ANDRE CHRI', 'M', '', 2, 1, 5, 19, 1, 5, '1977-02-20', NULL, NULL, '0566686169', '2010-10-11', NULL, NULL, NULL, NULL, 0, 0, '2020-09-18 08:19:48'),
(284, '0460', '12345', 2, 0, 'OURIGBALE', 'YVES FLORENT', 'M', '', 1, 1, 1, 1, 1, 5, '1974-07-03', NULL, NULL, '0708039826', '2011-08-16', NULL, NULL, NULL, NULL, 0, 0, '2020-09-18 08:19:48'),
(285, '0259', '12345', 2, 0, 'POOSSON', 'ALAIN JOEL', 'M', '', 2, 62, 5, 3, 1, 5, '1973-06-15', NULL, NULL, '', '2002-04-23', NULL, NULL, NULL, NULL, 0, 0, '2020-09-18 08:19:48'),
(286, '0461', '12345', 2, 0, 'RABE', 'SYLVAIN MARIUS', 'M', 'mariusrabe@cci.ci', 2, 9, 1, 1, 1, 3, '1977-04-26', NULL, NULL, '', '2009-10-21', NULL, NULL, NULL, NULL, 0, 0, '2020-09-18 08:19:48'),
(287, '0562', '12345', 2, 0, 'SERY', 'ZEZE HONORE', 'M', '', 2, 1, 1, 1, 1, 5, '1980-05-16', NULL, NULL, '0102116945', '2010-10-18', NULL, NULL, NULL, NULL, 0, 0, '2020-09-18 08:19:48'),
(288, '0504', '12345', 2, 0, 'SILUE', 'MELARGA ARDJOUMA', 'M', '', 2, 1, 5, 3, 1, 5, '1976-01-07', NULL, NULL, '', '2010-08-11', NULL, NULL, NULL, NULL, 0, 0, '2020-09-18 08:19:48'),
(289, '0721', '12345', 2, 0, 'SYLLA', 'AMINATA', 'F', '', 1, 1, 1, 1, 1, 5, '1984-10-14', NULL, NULL, '', '2016-07-04', NULL, NULL, NULL, NULL, 0, 0, '2020-09-18 08:19:48'),
(290, '0498', '12345', 2, 0, 'TANOH', 'KABLAN PAUL', 'M', '', 1, 1, 5, 3, 1, 5, '1978-10-06', NULL, NULL, '', '2009-11-02', NULL, NULL, NULL, NULL, 0, 0, '2020-09-18 08:19:48'),
(291, '0429', '12345', 2, 0, 'TAPE', 'AFFOUE LINA DORCAS', 'F', '', 1, 1, 5, 3, 1, 5, '1984-06-02', NULL, NULL, '', '2009-10-23', NULL, NULL, NULL, NULL, 0, 0, '2020-09-18 08:19:48'),
(292, '0501', '12345', 2, 0, 'TEHO', 'NOEL', 'M', '', 1, 1, 5, 3, 1, 5, '1973-12-16', NULL, NULL, '', '2009-11-02', NULL, NULL, NULL, NULL, 0, 0, '2020-09-18 08:19:48'),
(293, '0697', '12345', 2, 0, 'TEYA KOFFI', 'MOUROUFIE EVRAD', 'M', '', 1, 29, 70, 20, 1, 14, '1989-12-28', NULL, NULL, '', '2015-06-19', NULL, NULL, NULL, NULL, 0, 0, '2020-09-18 08:19:48'),
(294, '0546', '12345', 2, 0, 'TIEMELE', 'JUSTIN YVES', 'M', '', 1, 131, 70, 9, 1, 10, '1975-12-17', NULL, NULL, '0707431744', '2010-10-11', NULL, NULL, NULL, NULL, 0, 0, '2020-09-18 08:19:48'),
(295, '0580', '12345', 2, 0, 'TIRERA CHEICK', 'MOHAMED KHALLY', 'M', '', 2, 132, 66, 3, 2, 18, '1982-09-03', NULL, NULL, '', '2012-05-01', NULL, NULL, NULL, NULL, 0, 0, '2020-09-18 08:19:48'),
(296, '0492', '12345', 2, 0, 'TOSSAGNON', 'NABO SYLVAIN', 'M', '', 2, 1, 5, 3, 1, 5, '1976-05-10', NULL, NULL, '', '2009-10-21', NULL, NULL, NULL, NULL, 0, 0, '2020-09-18 08:19:48'),
(297, '0462', '12345', 2, 0, 'TOURE', 'MAMADOU MOKTAR', 'M', '', 1, 9, 5, 3, 1, 3, '1970-01-13', NULL, NULL, '', '2009-10-21', NULL, NULL, NULL, NULL, 0, 0, '2020-09-18 08:19:48'),
(298, '0768', '12345', 2, 0, 'TOURE', 'VAMOUTARI', 'M', '', 1, 1, 5, 3, 1, 5, '1993-05-08', NULL, NULL, '', '2020-03-01', NULL, NULL, NULL, NULL, 0, 0, '2020-09-18 08:19:48'),
(299, '0683', '12345', 2, 0, 'TRAORE', 'MAMADOU', 'M', '', 1, 1, 5, 20, 1, 5, '1986-10-28', NULL, NULL, '', '2015-05-07', NULL, NULL, NULL, NULL, 0, 0, '2020-09-18 08:19:48'),
(300, '0307', '12345', 2, 0, 'TUO', 'ADAMA', 'M', '', 2, 136, 70, 3, 1, 7, '1972-01-01', NULL, NULL, '', '2005-01-31', NULL, NULL, NULL, NULL, 0, 0, '2020-09-18 08:19:48'),
(301, '0431', '12345', 2, 0, 'TUO', 'ZOUMANA', 'M', '', 2, 1, 5, 3, 1, 5, '1978-04-16', NULL, NULL, '', '2010-10-11', NULL, NULL, NULL, NULL, 0, 0, '2020-09-18 08:19:48'),
(302, '0430', '12345', 2, 0, 'TUO', 'YALIMASSA', 'M', '', 1, 1, 5, 3, 1, 5, '1975-12-25', NULL, NULL, '', '2009-10-21', NULL, NULL, NULL, NULL, 0, 0, '2020-09-18 08:19:48'),
(303, '0710', '12345', 2, 0, 'TUO', 'KOLOTIOLOMON SEYDOU', 'M', 'seydoutuo@cci.ci', 1, 27, 5, 3, 1, 3, '1990-05-10', NULL, NULL, '', '2016-07-04', NULL, NULL, NULL, NULL, 0, 0, '2020-09-18 08:19:48'),
(304, '0472', '12345', 2, 0, 'VAKA', 'SOKOPRI JEAN CLAUDE', 'M', '', 2, 2, 1, 1, 1, 6, '1969-03-18', NULL, NULL, '', '2011-11-16', NULL, NULL, NULL, NULL, 0, 0, '2020-09-18 08:19:48'),
(314, '0211', '12345', 2, 0, 'AKLA KOUAKOU', 'ARMAND MINGUS', 'M', '', 1, 17, 103, NULL, 1, 18, '1970-02-19', NULL, NULL, '', '2001-11-01', NULL, NULL, NULL, NULL, 0, 0, '2021-01-21 17:13:00'),
(305, '0464', '12345', 2, 0, 'YAO', 'PASCAL', 'M', '', 1, 1, 1, 1, 1, 5, '1978-05-09', NULL, NULL, '', '2009-10-21', NULL, NULL, NULL, NULL, 0, 0, '2020-09-18 08:19:48'),
(306, '0547', '12345', 2, 0, 'YAO', 'KOFFI KAN DESIRE', 'M', '', 1, 1, 5, 3, 1, 5, '1985-05-08', NULL, NULL, '0707811174', '2010-10-11', NULL, NULL, NULL, NULL, 0, 0, '2020-09-18 08:19:48'),
(307, '0684', '12345', 2, 0, 'YAO', 'KONAN ACHILLE', 'M', '', 1, 1, 5, 3, 1, 5, '1981-04-05', NULL, NULL, '', '2016-07-04', NULL, NULL, NULL, NULL, 0, 0, '2020-09-18 08:19:48'),
(308, '0433', '12345', 2, 0, 'YEO', 'DOFERE', 'M', '', 1, 1, 5, 3, 1, 5, '1979-02-03', NULL, NULL, '', '2009-10-21', NULL, NULL, NULL, NULL, 0, 0, '2020-09-18 08:19:48'),
(309, '0756', '12345', 2, 0, 'YEO', 'OUOLOTO HOUSSENE', 'M', '', 1, 1, 5, 3, 1, 5, '1985-11-10', NULL, NULL, '', '2019-02-01', NULL, NULL, NULL, NULL, 0, 0, '2020-09-18 08:19:48'),
(310, '0685', '12345', 2, 0, 'YOBOUE', 'ADJO MARIE LAURE', 'F', '', 1, 5, 5, 3, 1, 3, '1989-04-11', NULL, NULL, '', '2016-07-04', NULL, NULL, NULL, NULL, 0, 0, '2020-09-18 08:19:48'),
(311, '0718', '12345', 2, 0, 'ZOGBA', 'MAHI JOEL', 'M', '', 2, 1, 5, 3, 1, 5, '1986-06-28', NULL, NULL, '', '2016-07-04', NULL, NULL, NULL, NULL, 0, 0, '2020-09-18 08:19:48'),
(312, '0434', '12345', 2, 0, 'ZOGBE', 'MAMADOU ULRICH', 'M', '', 1, 1, 5, 3, 1, 5, '1967-12-27', NULL, NULL, '', '2009-10-21', NULL, NULL, NULL, NULL, 0, 0, '2020-09-18 08:19:48'),
(313, '0467', '12345', 2, 0, 'ZOUZOU', 'KONAN AUGUSTIN', 'M', 'augustinzouzou@cci.ci', 2, 142, 71, 1, 2, 10, '1974-12-15', NULL, NULL, '', '2009-10-21', NULL, NULL, NULL, NULL, 0, 0, '2020-09-18 08:19:48'),
(315, '0170', '12345', 2, 0, 'AYEMOU', 'AYEMOU PAUL', 'M', 'apaul@cci.ci', 2, 18, 73, 6, 2, 9, '1977-01-26', NULL, NULL, '', '1997-10-01', NULL, NULL, NULL, NULL, 0, 0, '2021-01-21 17:13:00'),
(316, '0666', '12345', 2, 0, 'ATTOBRA', 'ALLA NIXON', 'M', '', 2, 20, 107, NULL, 1, 7, '1974-09-28', NULL, NULL, '', '2014-09-01', NULL, NULL, NULL, NULL, 0, 0, '2021-01-21 17:13:00'),
(317, '0353', '12345', 2, 0, 'BAKAYOKO', 'VASSIDIKI', 'M', '', 2, 21, 104, NULL, 1, 7, '1963-01-01', NULL, NULL, '', '2009-01-01', NULL, NULL, NULL, NULL, 0, 0, '2021-01-21 17:13:00'),
(318, '0355', '12345', 2, 0, 'BAKO', 'BABOU ROGER', 'M', '', 2, 22, 101, NULL, 2, 7, '1968-05-08', NULL, NULL, '', '2009-01-01', NULL, NULL, NULL, NULL, 0, 0, '2021-01-21 17:13:00'),
(319, '0573', '12345', 2, 0, 'BLY', 'PAUL', 'M', 'paulbly@cci.ci', 2, 18, 76, 7, 2, 10, '1972-03-16', NULL, NULL, '0504243327', '2010-11-15', NULL, NULL, NULL, NULL, 0, 0, '2021-01-21 17:13:00'),
(320, '0376', '12345', 2, 0, 'BOHINI', 'EDMOND', 'M', 'edmondbohini@cci.ci', 2, 18, 88, 8, 2, 5, '1979-12-20', NULL, NULL, '', '2009-10-21', NULL, NULL, NULL, NULL, 0, 0, '2021-01-21 17:13:00'),
(321, '0049', '12345', 2, 0, 'BALIMA', 'SOURKOULA', 'M', '', 2, 37, 99, NULL, 1, 14, '1963-01-01', NULL, NULL, '', '1992-10-01', NULL, NULL, NULL, NULL, 0, 0, '2021-01-21 17:13:00'),
(322, '0185', '12345', 2, 0, 'COULIBALY', 'DOUMAN', 'M', '', 1, 38, 102, NULL, 1, 12, '1968-07-15', NULL, NULL, '', '1999-01-01', NULL, NULL, NULL, NULL, 0, 0, '2021-01-21 17:13:00'),
(323, '0489', '12345', 2, 0, 'DAOUDA', 'OUATTARA', 'M', 'daoudaouattara@cci.ci', 1, 18, 77, 2, 2, 9, '1977-10-06', NULL, NULL, '', '2009-10-21', NULL, NULL, NULL, NULL, 0, 0, '2021-01-21 17:13:00'),
(324, '0640', '12345', 2, 0, 'DEGNI-YACE', 'YANN ERNEST MARTIAL', 'M', 'dyann@cci.ci', 1, 43, 83, 11, 2, 7, '1983-05-09', NULL, NULL, '', '2012-10-01', NULL, NULL, NULL, NULL, 0, 0, '2021-01-21 17:13:00'),
(325, '0214', '12345', 2, 0, 'COULIBALY', 'TANPHOTCHIEN MAURICE', 'M', 'cmaurice@cci.ci', 1, 44, 99, 5, 1, 9, '1972-10-25', NULL, NULL, '', '2005-06-01', NULL, NULL, NULL, NULL, 0, 0, '2021-01-21 17:13:00'),
(326, '0769', '12345', 2, 0, 'DIOMANDE', 'SOUMAÏLA', 'M', 'worodougou@cci.ci', 1, 18, 87, 12, 2, 3, '1982-08-02', NULL, NULL, '', '2020-03-01', NULL, NULL, NULL, NULL, 0, 0, '2021-01-21 17:13:00'),
(327, '0356', '12345', 2, 0, 'DEKOUEHOUE', 'EP. KOUAKOU CECILE', 'F', '', 2, 54, 104, NULL, 1, 7, '1965-03-10', NULL, NULL, '', '2009-01-01', NULL, NULL, NULL, NULL, 0, 0, '2021-01-21 17:13:00'),
(328, '0571', '12345', 2, 0, 'GOUBO', 'BRICE OLIVIER', 'M', 'bricegoubo@cci.ci', 2, 18, 80, 15, 2, 9, '1984-06-23', NULL, NULL, '0504717435', '2010-11-15', NULL, NULL, NULL, NULL, 0, 0, '2021-01-21 17:13:00'),
(329, '0223', '12345', 2, 0, 'DJEGRE', 'KACOU HERMANN', 'M', '', 2, 70, 96, NULL, 3, 4, '1973-09-18', NULL, NULL, '', '2001-11-01', NULL, NULL, NULL, NULL, 0, 0, '2021-01-21 17:13:00'),
(330, '0314', '12345', 2, 0, 'KAMARA MAMADOU', 'DAYE', 'M', 'cmamadou@cci.ci', 2, 18, 74, 16, 2, 9, '1976-11-25', NULL, NULL, '', '2005-08-02', NULL, NULL, NULL, NULL, 0, 0, '2021-01-21 17:13:01'),
(331, '0212', '12345', 2, 0, 'IRIGO', 'DETHO GUY', 'M', '', 2, 85, 103, NULL, 1, 7, '1973-08-10', NULL, NULL, '', '2001-11-01', NULL, NULL, NULL, NULL, 0, 0, '2021-01-21 17:13:01'),
(332, '0350', '12345', 2, 0, 'KONAN JOSEE', 'AMENAN MARIE LAURE', 'F', '', 2, 90, 106, NULL, 1, 3, '1978-02-20', NULL, NULL, '', '2008-11-01', NULL, NULL, NULL, NULL, 0, 0, '2021-01-21 17:13:01'),
(333, '0352', '12345', 2, 0, 'KONATE', 'MOHAMED', 'M', 'kmohamed@cci.ci', 2, 91, 93, 5, 3, 4, '1973-03-04', NULL, NULL, '', '2009-01-01', NULL, NULL, NULL, NULL, 0, 0, '2021-01-21 17:13:01'),
(334, '0761', '12345', 2, 0, 'KONATE', 'FATOU AIDA', 'F', '', 1, 94, 108, NULL, 1, 9, '1979-11-05', NULL, NULL, '', '2019-05-27', NULL, NULL, NULL, NULL, 0, 0, '2021-01-21 17:13:01'),
(335, '0572', '12345', 2, 0, 'KOSSONOU', 'APPIA KOUASSI SYLVAI', 'M', 'appiakossonou@cci.ci', 1, 18, 75, 17, 2, 3, '1984-02-05', NULL, NULL, '0102396520', '2010-11-15', NULL, NULL, NULL, NULL, 0, 0, '2021-01-21 17:13:01'),
(336, '0343', '12345', 2, 0, 'KOUADIO-KIRINE', 'DOUAGUI JEAN-ROCK', 'M', 'kkirine@cci.ci', 2, 100, 12, 4, 1, 8, '1971-12-31', NULL, NULL, '', '2007-08-16', NULL, NULL, NULL, NULL, 0, 0, '2021-01-21 17:13:01'),
(337, '0764', '12345', 2, 0, 'KOUADIO', 'YANDAKI EUGÈNE', 'M', 'eugenekouadio@cci.ci', 2, 103, 105, 18, 3, 7, '1973-03-18', NULL, NULL, '', '2019-10-01', NULL, NULL, NULL, NULL, 0, 0, '2021-01-21 17:13:01'),
(338, '0155', '12345', 2, 0, 'KOUAKOU', 'KOUASSI VINCENT', 'M', 'kvincent@cci.ci', 2, 104, 97, 5, 1, 10, '1965-07-16', NULL, NULL, '', '1996-10-01', NULL, NULL, NULL, NULL, 0, 0, '2021-01-21 17:13:01'),
(339, '0035', '12345', 2, 0, 'KOUAKOU', 'EPSE SEBOGO AMOIN', 'F', '', 2, 63, 99, NULL, 1, 5, '1960-05-08', NULL, NULL, '', '1992-09-09', NULL, NULL, NULL, NULL, 0, 0, '2021-01-21 17:13:01'),
(340, '0510', '12345', 2, 0, 'KOUAO', 'NARCISSE', 'M', 'knarcisse@cci.ci', 2, 18, 85, 21, 2, 18, '1971-03-12', NULL, NULL, '', '2009-11-02', NULL, NULL, NULL, NULL, 0, 0, '2021-01-21 17:13:01'),
(341, '0565', '12345', 2, 0, 'KOUASSI', 'KOUASSI FERNAND', 'M', 'fernandkouassi@cci.ci', 2, 18, 81, 22, 2, 9, '1980-01-01', NULL, NULL, '', '2010-10-27', NULL, NULL, NULL, NULL, 0, 0, '2021-01-21 17:13:01'),
(342, '0568', '12345', 2, 0, 'MOUSSAN', 'AHOUA JOSEPH', 'M', 'josephmoussan@cci.ci', 2, 18, 86, 1, 2, 7, '1975-04-13', NULL, NULL, '', '2010-11-15', NULL, NULL, NULL, NULL, 0, 0, '2021-01-21 17:13:01'),
(343, '0648', '12345', 2, 0, 'N''DAH', 'MONNEY ERIC HIP. S.', 'M', 'ricndah@cci.ci', 1, 43, 78, 2, 1, 7, '1968-02-12', NULL, NULL, '', '2013-01-28', NULL, NULL, NULL, NULL, 0, 0, '2021-01-21 17:13:01'),
(344, '0045', '12345', 2, 0, 'N''GOTTA', 'AYA MARIE LOTH', 'F', 'nmarie@cci.ci', 1, 116, 94, 5, 3, 4, '1960-02-26', NULL, NULL, '', '1992-10-01', NULL, NULL, NULL, NULL, 0, 0, '2021-01-21 17:13:01'),
(345, '0767', '12345', 2, 0, 'N''GUESSAN', 'MARIE-AUDE A. ABLAN', 'F', '', 1, 10, 91, NULL, 1, 3, '1995-07-30', NULL, NULL, '', '2020-03-01', NULL, NULL, NULL, NULL, 0, 0, '2021-01-21 17:13:01'),
(346, '0737', '12345', 2, 0, 'OUATTARA', 'MOHAMED', 'M', '', 1, 18, 90, 10, 2, 9, '1980-06-02', NULL, NULL, '', '2017-06-01', NULL, NULL, NULL, NULL, 0, 0, '2021-01-21 17:13:01'),
(347, '0184', '12345', 2, 0, 'N''TAYE', 'ADJOBI AMBROISE', 'M', '', NULL, 38, 102, 5, 1, 11, '1956-01-03', NULL, NULL, '', '1999-01-01', NULL, NULL, NULL, NULL, 0, 0, '2021-01-21 17:13:01'),
(348, '0171', '12345', 2, 0, 'OUATTARA', 'ABDOULAYE', 'M', '', 2, 121, 100, NULL, 2, 16, '1964-12-29', NULL, NULL, '', '1997-10-01', NULL, NULL, NULL, NULL, 0, 0, '2021-01-21 17:13:01'),
(349, '0152', '12345', 2, 0, 'OUATTARA', 'MADJALIA', 'F', '', 2, 123, 97, NULL, 1, 11, '1963-10-07', NULL, NULL, '', '1995-11-02', NULL, NULL, NULL, NULL, 0, 0, '2021-01-21 17:13:01'),
(350, '0235', '12345', 2, 0, 'PACKEBO', 'ADELAIDE N''DRI', 'F', '', 1, 124, 98, NULL, 1, 9, '1964-01-22', NULL, NULL, '', '2001-12-01', NULL, NULL, NULL, NULL, 0, 0, '2021-01-21 17:13:01'),
(351, '0734', '12345', 2, 0, 'PREGNON EPSE BRISSY', 'AKASSI CHRISTELLE L.', 'F', '', 2, 128, 92, NULL, 1, 16, '1987-11-18', NULL, NULL, '', '2017-05-08', NULL, NULL, NULL, NULL, 0, 0, '2021-01-21 17:13:01'),
(352, '0306', '12345', 2, 0, 'SAOURE', 'KOUASSI HONORE', 'M', '', 2, 129, 95, NULL, 1, 10, '1975-09-20', NULL, NULL, '', '2005-01-01', NULL, NULL, NULL, NULL, 0, 0, '2021-01-21 17:13:01'),
(353, '0570', '12345', 2, 0, 'SILUE', 'FATOUMATA', 'F', 'fatoumatasilue@cci.ci', 2, 18, 84, 23, 2, 3, '1983-08-19', NULL, NULL, '0505359112', '2010-11-15', NULL, NULL, NULL, NULL, 0, 0, '2021-01-21 17:13:01'),
(354, '0569', '12345', 2, 0, 'TOURE', 'BOURAHIMA', 'M', 'bourahimatoure@cci.ci', 1, 18, 89, 24, 2, 3, '1973-03-06', NULL, NULL, '0707663442', '2010-11-15', NULL, NULL, NULL, NULL, 0, 0, '2021-01-21 17:13:01'),
(355, '0213', '12345', 2, 0, 'SERY', 'ZAN ALAIN WALTER', 'M', '', 2, 38, 102, NULL, 1, 9, '1972-06-23', NULL, NULL, '', '2001-11-01', NULL, NULL, NULL, NULL, 0, 0, '2021-01-21 17:13:01'),
(356, '0351', '12345', 2, 0, 'TOURE', 'LOSSENI', 'M', '', NULL, 21, 104, 5, 1, 7, '1973-05-31', NULL, NULL, '', '2009-01-01', NULL, NULL, NULL, NULL, 0, 0, '2021-01-21 17:13:01'),
(357, '0649', '12345', 2, 0, 'TRAORE', 'YAK MAIMOUNA', 'F', '', 1, 138, 102, NULL, 1, 3, '1984-08-08', NULL, NULL, '', '2013-02-11', NULL, NULL, NULL, NULL, 0, 0, '2021-01-21 17:13:01'),
(358, '0567', '12345', 2, 0, 'YAO', 'KOUADIO SEVERIN', 'M', 'severinyao@cci.ci', 1, 18, 82, 25, 2, 7, '1971-07-19', NULL, NULL, '0708258517', '2010-11-15', NULL, NULL, NULL, NULL, 0, 0, '2021-01-21 17:13:01'),
(359, '0529', '12345', 2, 0, 'YOBOUE', 'BLA  ANGELO', 'M', 'angeloyoboue@cci.ci', 2, 43, 79, 13, 2, 16, '1980-12-23', NULL, NULL, '', '2010-01-04', NULL, NULL, NULL, NULL, 0, 0, '2021-01-21 17:13:01');

-- --------------------------------------------------------

--
-- Table structure for table `bureau`
--

CREATE TABLE IF NOT EXISTS `bureau` (
  `IDENTIFIANT` int(3) NOT NULL AUTO_INCREMENT,
  `LIBELLE` varchar(255) NOT NULL,
  `ID_VILLE` int(3) NOT NULL DEFAULT '0' COMMENT 'CLE ETRANGERE DE LA TABLE VILLE',
  `STATUT` int(1) NOT NULL DEFAULT '0' COMMENT '0:ACTIF/1:INACTIF',
  `DATE_CREATION` datetime NOT NULL DEFAULT CURRENT_TIMESTAMP,
  PRIMARY KEY (`IDENTIFIANT`),
  KEY `FK_VILLE2` (`ID_VILLE`)
) ENGINE=MyISAM  DEFAULT CHARSET=utf8 AUTO_INCREMENT=26 ;

--
-- Dumping data for table `bureau`
--

INSERT INTO `bureau` (`IDENTIFIANT`, `LIBELLE`, `ID_VILLE`, `STATUT`, `DATE_CREATION`) VALUES
(1, 'SAN PEDRO', 0, 0, '2021-03-18 11:16:19'),
(2, 'BOUAKE', 0, 0, '2021-03-18 11:16:19'),
(3, 'INDENIE', 1, 0, '2021-03-18 11:16:19'),
(4, 'SIEGE', 1, 0, '2021-03-18 11:16:19'),
(5, 'EPCCI', 1, 0, '2021-03-18 11:16:19'),
(6, 'ABENGOUROU', 0, 0, '2021-03-18 11:16:19'),
(7, 'BOUAFLE', 0, 0, '2021-03-18 11:16:19'),
(8, 'MAN', 0, 0, '2021-03-18 11:16:19'),
(9, 'VRIDI', 0, 0, '2021-03-18 11:16:19'),
(10, 'YAMOUSSOUKRO', 0, 0, '2021-03-18 11:16:19'),
(11, 'GAGNOA', 0, 0, '2021-03-18 11:16:19'),
(12, 'SEGUELA', 0, 0, '2021-03-18 11:16:19'),
(13, 'DALOA', 0, 0, '2021-03-18 11:16:19'),
(14, 'PORT', 1, 0, '2021-03-18 11:16:19'),
(15, 'DIMBOKRO', 0, 0, '2021-03-18 11:16:19'),
(16, 'ABOISSO', 0, 0, '2021-03-18 11:16:19'),
(17, 'BONDOUKOU', 0, 0, '2021-03-18 11:16:20'),
(18, 'VALLON', 1, 0, '2021-03-18 11:16:20'),
(19, 'POGO', 0, 0, '2021-03-18 11:16:20'),
(20, 'OUANGOLO', 0, 0, '2021-03-18 11:16:20'),
(21, 'ODIENE', 0, 0, '2021-03-18 11:16:20'),
(22, 'DIVO', 0, 0, '2021-03-18 11:16:20'),
(23, 'KORHOGO', 0, 0, '2021-03-18 11:16:20'),
(24, 'TOUBA', 0, 0, '2021-03-18 11:16:20'),
(25, 'DUEKOUE', 0, 0, '2021-03-18 11:16:20');

-- --------------------------------------------------------

--
-- Table structure for table `categorie`
--

CREATE TABLE IF NOT EXISTS `categorie` (
  `IDENTIFIANT` int(3) NOT NULL AUTO_INCREMENT,
  `LIBELLE` varchar(255) NOT NULL,
  `STATUT` int(1) NOT NULL DEFAULT '0' COMMENT '0:ACTIF/1:INACTIF',
  `DATE_CREATION` datetime NOT NULL DEFAULT CURRENT_TIMESTAMP,
  PRIMARY KEY (`IDENTIFIANT`)
) ENGINE=MyISAM  DEFAULT CHARSET=utf8 AUTO_INCREMENT=22 ;

--
-- Dumping data for table `categorie`
--

INSERT INTO `categorie` (`IDENTIFIANT`, `LIBELLE`, `STATUT`, `DATE_CREATION`) VALUES
(1, 'A1', 0, '2020-06-26 16:53:58'),
(2, 'A2', 0, '2020-06-26 16:53:58'),
(3, 'M1', 0, '2020-08-13 14:17:17'),
(4, 'P2A', 0, '2020-08-13 14:17:17'),
(5, '5è', 0, '2020-08-13 14:17:17'),
(6, '4è', 0, '2020-08-13 14:17:17'),
(7, 'P1A', 0, '2020-08-13 14:17:17'),
(8, 'P2B', 0, '2020-08-13 14:17:17'),
(9, 'M3', 0, '2020-08-13 14:17:17'),
(10, 'M2', 0, '2020-08-13 14:17:17'),
(11, '6è', 0, '2020-08-13 14:17:17'),
(12, '7èA', 0, '2020-08-13 14:17:17'),
(13, 'P3A', 0, '2020-08-13 14:17:17'),
(14, '3è', 0, '2020-08-13 14:17:17'),
(15, '1A', 0, '2020-08-13 14:17:17'),
(16, 'M4', 0, '2020-08-13 14:17:17'),
(17, 'M5', 0, '2020-08-13 14:17:17'),
(18, 'P1B', 0, '2020-08-13 14:17:17'),
(19, 'P3B', 0, '2020-08-13 14:17:17'),
(20, 'PHC', 0, '2020-08-13 14:17:17'),
(21, '', 0, '2021-01-21 16:53:59');

-- --------------------------------------------------------

--
-- Table structure for table `demande`
--

CREATE TABLE IF NOT EXISTS `demande` (
  `IDENTIFIANT` int(11) NOT NULL AUTO_INCREMENT,
  `CODE_DEMANDE` varchar(25) NOT NULL,
  `ID_TYPE_DEMANDE` int(2) NOT NULL COMMENT '1-Absence Réglementaire/2-Absence Non Réglementaire/3-Congés/4-Accompte sur salaire/5-Avance sur salaire/6-Prêt',
  `ID_AGENT` int(5) NOT NULL COMMENT 'CLE ETRANGERE DE LA TABLE AGENT',
  `ID_WORKFLOW` int(3) NOT NULL COMMENT 'CLE ETRANGERE DE LA TABLE WORKFLOW',
  `ID_VALIDATEUR` int(5) NOT NULL COMMENT 'CLE ETRANGERE DE LA TABLE SERVICE',
  `STADE` int(1) NOT NULL COMMENT '1 - 5',
  `STATUT` int(1) NOT NULL DEFAULT '0' COMMENT '0:EN COURS/1:ACCORDE/2:REFUSE/3:REJETTE',
  `A_M` int(1) NOT NULL DEFAULT '0' COMMENT '0:NON-ANNULE/1:ANNULE/2:MODIFIABLE/3:MODIFIEE',
  `DA_DM` int(1) NOT NULL DEFAULT '0' COMMENT '0:PAS DE DEMANDE/1:DEMANDE ANNULATION/2:DEMANDE MODIFICATION',
  `DATE_CREATION` datetime NOT NULL DEFAULT CURRENT_TIMESTAMP,
  PRIMARY KEY (`IDENTIFIANT`),
  KEY `FK_AGENT_DEMANDE` (`ID_AGENT`),
  KEY `FK_WORKFLOW` (`ID_WORKFLOW`),
  KEY `FK_DEMANDE` (`ID_TYPE_DEMANDE`)
) ENGINE=MyISAM  DEFAULT CHARSET=utf8 AUTO_INCREMENT=51 ;

--
-- Dumping data for table `demande`
--

INSERT INTO `demande` (`IDENTIFIANT`, `CODE_DEMANDE`, `ID_TYPE_DEMANDE`, `ID_AGENT`, `ID_WORKFLOW`, `ID_VALIDATEUR`, `STADE`, `STATUT`, `A_M`, `DA_DM`, `DATE_CREATION`) VALUES
(1, '0888-2020-1-1', 1, 5, 1, 4, 1, 3, 2, 0, '2020-02-25 12:25:32'),
(3, '0888-2020-3-1', 3, 5, 3, 7, 3, 3, 3, 0, '2020-02-25 12:26:47'),
(4, '0888-2020-4-1', 4, 5, 4, 0, 2, 1, 0, 0, '2020-02-25 12:27:11'),
(5, '0888-2020-5-1', 5, 5, 5, 0, 2, 1, 0, 0, '2020-02-25 12:28:03'),
(6, '0888-2020-6-1', 6, 5, 6, 3, 1, 3, 3, 0, '2020-02-25 12:28:35'),
(7, '0555-2020-1-1', 1, 7, 1, 4, 1, 2, 0, 0, '2020-02-27 13:59:37'),
(8, '0555-2020-2-1', 2, 7, 2, 4, 1, 2, 0, 0, '2020-02-27 14:00:12'),
(9, '0555-2020-3-1', 3, 7, 3, 4, 1, 3, 1, 0, '2020-02-27 14:00:57'),
(10, '0555-2020-4-1', 4, 7, 4, 0, 2, 1, 0, 0, '2020-02-27 14:01:08'),
(11, '0555-2020-5-1', 5, 7, 5, 0, 2, 1, 0, 0, '2020-02-27 14:01:34'),
(12, '0555-2020-6-1', 6, 7, 6, 3, 1, 0, 0, 0, '2020-02-27 14:02:12'),
(2, '0888-2020-2-2', 2, 5, 2, 4, 1, 3, 3, 0, '2020-05-16 07:11:24'),
(32, '0888-2020-6-1', 6, 5, 6, 0, 2, 1, 0, 0, '2020-06-10 16:17:47'),
(33, '0888-2020-6-2', 6, 5, 6, 0, 2, 1, 0, 0, '2020-06-21 20:47:43'),
(34, '0555-2020-1-3', 1, 7, 1, 4, 1, 3, 1, 0, '2020-06-22 21:56:42'),
(35, '0555-2020-7-1', 7, 7, 7, 4, 1, 3, 3, 0, '2020-06-23 13:04:37'),
(36, '0555-2020-7-1', 7, 7, 7, 4, 1, 3, 3, 0, '2020-06-24 10:24:55'),
(37, '0555-2020-7-1', 7, 7, 7, 2, 2, 2, 0, 0, '2020-06-24 14:01:27'),
(38, '0888-2020-2-2', 2, 5, 2, 4, 1, 0, 0, 0, '2020-06-26 12:04:21'),
(39, '0555-2020-3-3', 3, 7, 3, 4, 1, 3, 3, 0, '2020-06-26 12:07:46'),
(40, '0530-2020-1-1', 1, 5, 1, 4, 1, 0, 0, 0, '2020-07-01 08:35:41'),
(41, '0888-2020-3-1', 3, 5, 3, 0, 4, 1, 0, 0, '2020-07-08 17:14:35'),
(42, '0555-2020-3-3', 3, 7, 3, 2, 2, 0, 2, 0, '2020-07-09 10:58:47'),
(43, '0530-2020-6-1', 6, 5, 6, 8, 2, 0, 0, 0, '2020-07-09 15:32:06'),
(45, '0427-2020-3-2', 3, 20, 3, 2, 2, 3, 3, 0, '2020-07-10 15:07:29'),
(46, '0427-2020-3-2', 3, 20, 3, 0, 4, 1, 0, 0, '2020-07-10 17:02:36'),
(47, '0427-2020-4-1', 4, 20, 4, 3, 1, 0, 0, 0, '2020-07-10 23:31:59'),
(48, '0373-2020-3-1', 3, 21, 3, 2, 2, 0, 0, 0, '2020-07-12 21:31:04'),
(49, '0427-2020-6-1', 6, 20, 6, 3, 1, 0, 0, 0, '2020-07-14 15:16:30'),
(50, '0427-2020-5-1', 5, 20, 5, 3, 1, 0, 0, 0, '2020-07-14 16:28:26');

-- --------------------------------------------------------

--
-- Table structure for table `departement`
--

CREATE TABLE IF NOT EXISTS `departement` (
  `IDENTIFIANT` int(3) NOT NULL AUTO_INCREMENT,
  `LIBELLE` varchar(255) NOT NULL,
  `ABBREVIATION` varchar(20) DEFAULT NULL,
  `ID_DIRECTION` int(3) NOT NULL COMMENT 'CLE ETRANGERE DE LA DIRECTION',
  `STATUT` int(1) NOT NULL DEFAULT '0' COMMENT '0:ACTIF/1:INACTIF',
  `DATE_CREATION` datetime NOT NULL DEFAULT CURRENT_TIMESTAMP,
  PRIMARY KEY (`IDENTIFIANT`),
  KEY `FK_DIRECTION` (`ID_DIRECTION`)
) ENGINE=MyISAM  DEFAULT CHARSET=utf8 AUTO_INCREMENT=25 ;

--
-- Dumping data for table `departement`
--

INSERT INTO `departement` (`IDENTIFIANT`, `LIBELLE`, `ABBREVIATION`, `ID_DIRECTION`, `STATUT`, `DATE_CREATION`) VALUES
(1, 'Département Pesage et Certification des Poids', 'DPCP', 1, 0, '2020-02-27 11:22:42'),
(2, 'Département PNSF', 'PNSF', 1, 0, '2020-05-07 19:34:05'),
(3, 'Département des moyens généraux et du patrimoine', 'DMGP', 3, 0, '2020-07-24 15:45:28'),
(4, 'Département Trésorerie', 'DT', 3, 0, '2020-07-24 16:17:55'),
(5, 'Département des Systèmes d''information', 'DSI', 3, 0, '2020-07-24 16:27:47'),
(6, 'Département Juridique', 'DJ', 3, 0, '2020-07-24 16:35:37'),
(7, 'Département Comptable et Financier', 'DCF', 3, 0, '2020-07-24 17:02:45'),
(8, 'Département Animation et Promotion du Secteur Privé', 'DAPSP', 4, 0, '2020-07-27 11:43:53'),
(9, 'Département Appui et Conseil aux Entreprises', 'DACE', 4, 0, '2020-07-27 12:03:45'),
(10, 'Département Chargé des Projets', 'DCP', 4, 0, '2020-07-27 12:36:36'),
(11, 'Département Administration et Paie', 'DAP', 2, 0, '2020-07-27 14:28:17'),
(12, 'Département Medico-Social', 'DMS', 2, 0, '2020-07-27 14:33:26'),
(13, 'Département Communication', 'DC', 2, 0, '2020-07-27 14:33:26'),
(14, 'Département Développement des Ressources Humaines', 'DDRH', 2, 0, '2020-07-27 15:09:38'),
(15, 'Département de l''Intelligence Économique', 'DIE', 6, 0, '2020-07-27 16:16:34'),
(16, 'Département de la Formation Professionnelle et Continue', 'DFPC', 7, 0, '2020-07-27 16:26:22'),
(17, 'Département Infrastructure', 'DI', 1, 0, '2020-07-28 10:13:37'),
(18, 'Département Transit Routier Inter Etat', 'TRIE', 1, 0, '2020-08-24 17:23:19'),
(19, 'Département Térritorial et Développement Durable', 'DTDD', 6, 0, '2020-09-18 14:34:36'),
(20, 'Service PED', 'EPCCI', 7, 0, '2020-09-21 09:28:10'),
(21, 'Service Admission et Scolarité', 'EPCCI', 7, 0, '2020-09-21 09:28:10'),
(22, 'Service Informatique', 'EPCCI', 7, 0, '2020-09-21 09:28:10'),
(23, 'Service Marketing et Insertion Professionnelle', 'EPCCI', 7, 0, '2020-09-21 09:28:10'),
(24, 'Centre d''Etude et de Langue', 'CEL', 7, 0, '2020-09-21 13:50:13');

-- --------------------------------------------------------

--
-- Table structure for table `details_demande`
--

CREATE TABLE IF NOT EXISTS `details_demande` (
  `IDENTIFIANT` int(11) NOT NULL AUTO_INCREMENT,
  `ID_DEMANDE` int(11) NOT NULL COMMENT 'CLE ETRANGERE DE LA TABLE DEMANDE',
  `ID_PARAM_DEMANDE` int(3) DEFAULT NULL COMMENT 'CLE ETRANGERE DE LA TABLE PARAM_DEMANDE',
  `MONTANT` int(11) DEFAULT NULL COMMENT 'MONTANT POUR LES DEMANDES  DE PRÊT,ACOMPTE,AVS',
  `MOIS_ACOMPTE_AVS` int(2) DEFAULT NULL COMMENT 'MOIS POUR LES DEMANDES D''ACOMPTE, AVS',
  `DATE_DEBUT_ABS_CONGE` date DEFAULT NULL,
  `HEURE_DEBUT_ABS` time DEFAULT NULL,
  `DATE_REPRISE_ABS_CONGE` date DEFAULT NULL,
  `HEURE_REPRISE_ABS` time DEFAULT NULL,
  `NBRE_JOUR_ABS` int(2) DEFAULT NULL,
  `MOTIF` varchar(255) DEFAULT NULL COMMENT 'MOTIF POUR LES DEMANDES D''ABSENCE, PRÊT ',
  `JUSTIF_ABSENCE` varchar(255) DEFAULT NULL COMMENT 'JUSTICATIF POUR LES DEMANDES D''ABSENCE,D''ACOMPTE',
  `INTERIMAIRE` int(5) DEFAULT NULL COMMENT 'INTERIMAIRE POUR LES DEMANDES DE CONGE',
  `DUREE_REMB` int(2) DEFAULT NULL,
  `DECIDEUR1` int(5) DEFAULT NULL COMMENT 'CLE ETRANGERE DE LA TABLE AGENT',
  `DECISION1` int(1) NOT NULL DEFAULT '0' COMMENT '0:AUCUN AVIS/1:ACCEPTER/2:REFUSER',
  `DATE_TIME1` datetime DEFAULT NULL,
  `DECIDEUR2` int(5) DEFAULT NULL COMMENT 'CLE ETRANGERE DE LA TABLE AGENT',
  `DECISION2` int(1) NOT NULL DEFAULT '0' COMMENT '0:AUCUN AVIS/1:ACCEPTER/2:REFUSER',
  `DATE_TIME2` datetime DEFAULT NULL,
  `DECIDEUR3` int(5) DEFAULT NULL COMMENT 'CLE ETRANGERE DE LA TABLE AGENT',
  `DECISION3` int(1) NOT NULL DEFAULT '0' COMMENT '0:AUCUN AVIS/1:ACCEPTER/2:REFUSER',
  `DATE_TIME3` datetime DEFAULT NULL,
  `DECIDEUR4` int(5) DEFAULT NULL COMMENT 'CLE ETRANGERE DE LA TABLE AGENT',
  `DECISION4` int(1) NOT NULL DEFAULT '0' COMMENT '0:AUCUN AVIS/1:ACCEPTER/2:REFUSER',
  `DATE_TIME4` datetime DEFAULT NULL,
  `DECIDEUR5` int(5) DEFAULT NULL COMMENT 'CLE ETRANGERE DE LA TABLE AGENT',
  `DECISION5` int(1) NOT NULL DEFAULT '0' COMMENT '0:AUCUN AVIS/1:ACCEPTER/2:REFUSER',
  `DATE_TIME5` datetime DEFAULT NULL,
  `DATE_CREATION` datetime NOT NULL DEFAULT CURRENT_TIMESTAMP,
  PRIMARY KEY (`IDENTIFIANT`),
  KEY `FK_ID_DEMAND` (`ID_DEMANDE`),
  KEY `fk_param_id` (`ID_PARAM_DEMANDE`)
) ENGINE=MyISAM  DEFAULT CHARSET=utf8 AUTO_INCREMENT=51 ;

--
-- Dumping data for table `details_demande`
--

INSERT INTO `details_demande` (`IDENTIFIANT`, `ID_DEMANDE`, `ID_PARAM_DEMANDE`, `MONTANT`, `MOIS_ACOMPTE_AVS`, `DATE_DEBUT_ABS_CONGE`, `HEURE_DEBUT_ABS`, `DATE_REPRISE_ABS_CONGE`, `HEURE_REPRISE_ABS`, `NBRE_JOUR_ABS`, `MOTIF`, `JUSTIF_ABSENCE`, `INTERIMAIRE`, `DUREE_REMB`, `DECIDEUR1`, `DECISION1`, `DATE_TIME1`, `DECIDEUR2`, `DECISION2`, `DATE_TIME2`, `DECIDEUR3`, `DECISION3`, `DATE_TIME3`, `DECIDEUR4`, `DECISION4`, `DATE_TIME4`, `DECIDEUR5`, `DECISION5`, `DATE_TIME5`, `DATE_CREATION`) VALUES
(1, 1, 10, NULL, NULL, '2020-02-28', NULL, '2020-03-06', NULL, 5, NULL, 'CCI-0725-2020-15.jpg', NULL, NULL, 6, 3, '2020-06-22 22:25:11', NULL, 0, NULL, NULL, 0, NULL, NULL, 0, NULL, NULL, 0, NULL, '2020-02-25 12:25:32'),
(2, 2, NULL, NULL, NULL, '2020-02-26', '10:00:00', '2020-02-27', '08:00:00', NULL, '3 43G 4 H6Z4H6 42J', 'CCI-0725-2020-16.jpg', NULL, NULL, NULL, 0, NULL, NULL, 0, NULL, NULL, 0, NULL, NULL, 0, NULL, NULL, 0, NULL, '2020-02-25 12:26:12'),
(3, 3, NULL, NULL, NULL, '2020-03-02', NULL, '2020-03-31', NULL, NULL, NULL, NULL, 4, NULL, 6, 1, '2020-05-24 23:48:47', 2, 1, '2020-05-27 17:48:19', NULL, 0, NULL, NULL, 0, NULL, NULL, 0, NULL, '2020-02-25 12:26:47'),
(4, 4, NULL, 700000, 2, NULL, NULL, NULL, NULL, NULL, NULL, NULL, NULL, NULL, 3, 1, '2020-06-29 20:55:33', 9, 1, '2020-06-29 20:56:41', NULL, 0, NULL, NULL, 0, NULL, NULL, 0, NULL, '2020-02-25 12:27:11'),
(5, 5, NULL, 500000, 3, NULL, NULL, NULL, NULL, NULL, '4 3G4 3 Z 44J J6Z4', 'CCI-0725-2020-17.jpg', NULL, NULL, 3, 1, '2020-07-09 16:41:04', 9, 1, '2020-07-09 17:12:25', NULL, 0, NULL, NULL, 0, NULL, NULL, 0, NULL, '2020-02-25 12:28:03'),
(6, 6, 12, 2000000, NULL, NULL, NULL, NULL, NULL, NULL, NULL, NULL, NULL, 20, NULL, 0, NULL, NULL, 0, NULL, NULL, 0, NULL, NULL, 0, NULL, NULL, 0, NULL, '2020-02-25 12:28:35'),
(7, 7, 7, NULL, NULL, '2020-03-20', NULL, '2020-03-24', NULL, 2, NULL, 'CCI-0555-2020-3.jpg', NULL, NULL, 6, 2, '2020-05-24 22:01:09', NULL, 0, NULL, NULL, 0, NULL, NULL, 0, NULL, NULL, 0, NULL, '2020-02-27 13:59:37'),
(8, 8, NULL, NULL, NULL, '2020-04-23', '13:00:00', '2020-04-27', '08:00:00', NULL, 'ZF3 G5 4 675 ', '', NULL, NULL, 6, 2, '2020-06-22 22:25:32', NULL, 0, NULL, NULL, 0, NULL, NULL, 0, NULL, NULL, 0, NULL, '2020-02-27 14:00:12'),
(9, 9, NULL, NULL, NULL, '2020-05-01', NULL, '2020-06-01', NULL, NULL, NULL, NULL, 4, NULL, NULL, 0, NULL, NULL, 0, NULL, NULL, 0, NULL, NULL, 0, NULL, NULL, 0, NULL, '2020-02-27 14:00:57'),
(10, 10, NULL, 800000, 2, NULL, NULL, NULL, NULL, NULL, NULL, NULL, NULL, NULL, 3, 1, '2020-06-24 14:08:24', 9, 1, '2020-06-29 20:52:55', NULL, 0, NULL, NULL, 0, NULL, NULL, 0, NULL, '2020-02-27 14:01:08'),
(11, 11, NULL, 90000, 3, NULL, NULL, NULL, NULL, NULL, 'RF  5G4GZ5Z ZZ Z45G4 ', 'CCI-0555-2020-4.jpg', NULL, NULL, 3, 1, '2020-06-24 14:10:47', 9, 1, '2020-06-24 14:11:46', NULL, 0, NULL, NULL, 0, NULL, NULL, 0, NULL, '2020-02-27 14:01:34'),
(12, 12, 14, 300000, NULL, NULL, NULL, NULL, NULL, NULL, NULL, NULL, NULL, 40, NULL, 0, NULL, NULL, 0, NULL, NULL, 0, NULL, NULL, 0, NULL, NULL, 0, NULL, '2020-02-27 14:02:12'),
(32, 32, 13, 20000000, NULL, NULL, NULL, NULL, NULL, NULL, NULL, NULL, NULL, 30, 3, 1, '2020-06-21 20:16:31', 9, 1, '2020-06-21 20:25:13', NULL, 0, NULL, NULL, 0, NULL, NULL, 0, NULL, '2020-06-10 16:17:47'),
(33, 33, 13, 160000, NULL, NULL, NULL, NULL, NULL, NULL, NULL, NULL, NULL, 30, 3, 1, '2020-06-24 14:08:12', 9, 1, '2020-06-24 14:12:08', NULL, 0, NULL, NULL, 0, NULL, NULL, 0, NULL, '2020-06-21 20:47:43'),
(34, 34, 6, NULL, NULL, '2020-06-26', NULL, '2020-06-30', NULL, 2, NULL, '', NULL, NULL, NULL, 0, NULL, NULL, 0, NULL, NULL, 0, NULL, NULL, 0, NULL, NULL, 0, NULL, '2020-06-22 21:56:42'),
(35, 35, NULL, NULL, NULL, '2020-06-24', NULL, '2020-07-03', NULL, NULL, 'INTERVENTION', 'CCI-0555-2020-11.jpg', NULL, NULL, NULL, 0, NULL, NULL, 0, NULL, NULL, 0, NULL, NULL, 0, NULL, NULL, 0, NULL, '2020-06-23 13:04:37'),
(36, 36, NULL, NULL, NULL, '2020-06-24', NULL, '2020-07-03', NULL, NULL, 'INTERVENTION', 'CCI-0555-2020-11.jpg', NULL, NULL, NULL, 0, NULL, NULL, 0, NULL, NULL, 0, NULL, NULL, 0, NULL, NULL, 0, NULL, '2020-06-24 10:24:55'),
(37, 37, NULL, NULL, NULL, '2020-06-24', NULL, '2020-07-03', NULL, NULL, 'INTERVENTION pour le symposium sur le the africain 0u j''ai ete invite pour faire valoir mon experience', 'CCI-0555-2020-12.jpg', NULL, NULL, 6, 1, '2020-06-24 14:03:29', 2, 2, '2020-06-29 21:04:33', NULL, 0, NULL, NULL, 0, NULL, NULL, 0, NULL, '2020-06-24 14:01:27'),
(38, 38, NULL, NULL, NULL, '2020-06-29', '08:00:00', '2020-07-03', '08:00:00', NULL, '3 43G 4 H6Z4H6 42J', 'CCI-0725-2020-16.jpg', NULL, NULL, NULL, 0, NULL, NULL, 0, NULL, NULL, 0, NULL, NULL, 0, NULL, NULL, 0, NULL, '2020-06-26 12:04:21'),
(39, 39, NULL, NULL, NULL, '2020-07-06', NULL, '2020-07-31', NULL, NULL, NULL, NULL, 5, NULL, NULL, 0, NULL, NULL, 0, NULL, NULL, 0, NULL, NULL, 0, NULL, NULL, 0, NULL, '2020-06-26 12:07:46'),
(40, 40, 3, NULL, NULL, '2020-07-08', NULL, '2020-07-09', NULL, 1, NULL, 'CCI-0530-2020-1.docx', NULL, NULL, NULL, 0, NULL, NULL, 0, NULL, NULL, 0, NULL, NULL, 0, NULL, NULL, 0, NULL, '2020-07-01 08:35:42'),
(41, 41, NULL, NULL, NULL, '2020-07-30', NULL, '2020-08-20', NULL, NULL, NULL, NULL, 20, NULL, 6, 1, '2020-07-09 10:19:46', 2, 1, '2020-07-09 10:24:47', 8, 1, '2020-07-09 10:32:06', 3, 1, '2020-07-09 10:35:33', NULL, 0, NULL, '2020-07-08 17:14:35'),
(42, 42, NULL, NULL, NULL, '2020-07-10', NULL, '2020-07-31', NULL, NULL, NULL, NULL, 19, NULL, 6, 1, '2020-07-09 11:03:41', NULL, 0, NULL, NULL, 0, NULL, NULL, 0, NULL, NULL, 0, NULL, '2020-07-09 10:58:47'),
(43, 43, 11, 100000, NULL, NULL, NULL, NULL, NULL, NULL, NULL, NULL, NULL, 10, 3, 1, '2020-07-09 16:40:32', NULL, 0, NULL, NULL, 0, NULL, NULL, 0, NULL, NULL, 0, NULL, '2020-07-09 15:32:06'),
(45, 45, NULL, NULL, NULL, '2020-07-13', NULL, '2020-07-30', NULL, NULL, NULL, NULL, 21, NULL, 6, 1, '2020-07-10 15:17:33', NULL, 0, NULL, NULL, 0, NULL, NULL, 0, NULL, NULL, 0, NULL, '2020-07-10 15:07:29'),
(46, 46, NULL, NULL, NULL, '2020-07-13', NULL, '2020-07-30', NULL, NULL, NULL, NULL, 21, NULL, 6, 1, '2020-07-10 17:14:50', 2, 1, '2020-07-10 17:16:37', 8, 1, '2020-07-10 17:20:49', 3, 1, '2020-07-10 23:40:37', NULL, 0, NULL, '2020-07-10 17:02:37'),
(47, 47, NULL, 30000, 7, NULL, NULL, NULL, NULL, NULL, NULL, NULL, NULL, NULL, NULL, 0, NULL, NULL, 0, NULL, NULL, 0, NULL, NULL, 0, NULL, NULL, 0, NULL, '2020-07-10 23:32:00'),
(48, 48, NULL, NULL, NULL, '2020-07-31', NULL, '2020-08-14', NULL, NULL, NULL, NULL, 19, NULL, 6, 1, '2020-07-12 21:34:06', NULL, 0, NULL, NULL, 0, NULL, NULL, 0, NULL, NULL, 0, NULL, '2020-07-12 21:31:04'),
(49, 49, 14, 200000, NULL, NULL, NULL, NULL, NULL, NULL, NULL, NULL, NULL, 40, NULL, 0, NULL, NULL, 0, NULL, NULL, 0, NULL, NULL, 0, NULL, NULL, 0, NULL, '2020-07-14 15:16:30'),
(50, 50, NULL, 900000, 8, NULL, NULL, NULL, NULL, NULL, 'pour test du montant max', '', NULL, NULL, NULL, 0, NULL, NULL, 0, NULL, NULL, 0, NULL, NULL, 0, NULL, NULL, 0, NULL, '2020-07-14 16:28:26');

-- --------------------------------------------------------

--
-- Table structure for table `direction`
--

CREATE TABLE IF NOT EXISTS `direction` (
  `IDENTIFIANT` int(3) NOT NULL AUTO_INCREMENT,
  `LIBELLE` varchar(255) NOT NULL,
  `ABBREVIATION` varchar(10) NOT NULL,
  `ID_DIR_SUP` int(3) NOT NULL,
  `STATUT` int(1) NOT NULL DEFAULT '0',
  `DATE_CREATION` datetime NOT NULL DEFAULT CURRENT_TIMESTAMP,
  PRIMARY KEY (`IDENTIFIANT`),
  KEY `fk_idextra_identifiant` (`ID_DIR_SUP`)
) ENGINE=MyISAM  DEFAULT CHARSET=utf8 AUTO_INCREMENT=8 ;

--
-- Dumping data for table `direction`
--

INSERT INTO `direction` (`IDENTIFIANT`, `LIBELLE`, `ABBREVIATION`, `ID_DIR_SUP`, `STATUT`, `DATE_CREATION`) VALUES
(1, 'Direction des Infrastructures et des Services Concédés', 'DISC', 2, 0, '2020-02-27 11:19:49'),
(2, 'Direction des Ressources Humaines et de la Communication', 'DRHCOM', 2, 0, '2020-05-07 19:35:29'),
(3, 'Direction de l''Administration et des Finances', 'DAF', 2, 0, '2020-05-07 19:38:08'),
(4, 'Direction de l''Appui aux Entreprises et de la Promotion du Secteur Prive', 'DAEPSP', 2, 0, '2020-07-24 15:05:46'),
(5, 'Cour d''Arbitrage de Cote d''Ivoire', 'CACI', 2, 0, '2020-07-24 15:08:38'),
(6, 'Direction des Études et des Informations Économiques', 'DEIE', 2, 0, '2020-07-24 15:14:28'),
(7, 'Direction de la Formation', 'DF', 2, 0, '2020-07-24 15:16:31');

-- --------------------------------------------------------

--
-- Table structure for table `direction_superieur`
--

CREATE TABLE IF NOT EXISTS `direction_superieur` (
  `IDENTIFIANT` int(3) NOT NULL AUTO_INCREMENT,
  `LIBELLE` varchar(255) NOT NULL,
  `ABBREVIATION` varchar(10) NOT NULL,
  `STATUT` int(1) NOT NULL DEFAULT '0',
  `DATE_CREATION` datetime NOT NULL DEFAULT CURRENT_TIMESTAMP,
  PRIMARY KEY (`IDENTIFIANT`)
) ENGINE=MyISAM  DEFAULT CHARSET=utf8 AUTO_INCREMENT=3 ;

--
-- Dumping data for table `direction_superieur`
--

INSERT INTO `direction_superieur` (`IDENTIFIANT`, `LIBELLE`, `ABBREVIATION`, `STATUT`, `DATE_CREATION`) VALUES
(1, 'Présidence', 'PR', 0, '2020-02-27 11:18:09'),
(2, 'Secrétariat Général', 'SG', 0, '2020-06-26 14:14:29');

-- --------------------------------------------------------

--
-- Table structure for table `fonction`
--

CREATE TABLE IF NOT EXISTS `fonction` (
  `IDENTIFIANT` int(3) NOT NULL AUTO_INCREMENT,
  `ABREVIATION` varchar(50) NOT NULL,
  `LIBELLE` varchar(255) NOT NULL,
  `STATUT` int(1) NOT NULL DEFAULT '0',
  `ID_ROLE` int(2) NOT NULL,
  `DATE_CREATION` datetime NOT NULL DEFAULT CURRENT_TIMESTAMP,
  PRIMARY KEY (`IDENTIFIANT`),
  KEY `fk_role_id` (`ID_ROLE`)
) ENGINE=MyISAM  DEFAULT CHARSET=utf8 AUTO_INCREMENT=9 ;

--
-- Dumping data for table `fonction`
--

INSERT INTO `fonction` (`IDENTIFIANT`, `ABREVIATION`, `LIBELLE`, `STATUT`, `ID_ROLE`, `DATE_CREATION`) VALUES
(1, 'AGENT', 'AGENT', 0, 1, '2020-02-12 13:45:02'),
(2, 'CHEF DE SERVICE', 'CHEF DE SERVICE', 0, 2, '2020-02-19 09:49:31'),
(3, 'CHEF DE DEPARTEMENT', 'CHEF DE DEPARTEMENT', 0, 2, '2020-02-19 09:49:31'),
(4, 'DIRECTEUR', 'DIRECTEUR OPERATIONNEL', 0, 2, '2020-02-19 09:50:13'),
(5, 'DAF', 'DIRECTEUR DE L''ADMINISTRATION ET DES FINANCES', 0, 3, '2020-02-19 09:51:17'),
(6, 'DRHCOM', 'DIRECTEUR DES RESSOURCES HUMAINES ET DE LA COMMUNICATION', 0, 4, '2020-02-19 09:51:17'),
(7, 'SG', 'SECRETAIRE GENERAL', 0, 2, '2020-07-02 11:21:29'),
(8, 'PRESIDENT', 'PRESIDENT', 0, 2, '2020-07-02 11:24:43');

-- --------------------------------------------------------

--
-- Table structure for table `increment`
--

CREATE TABLE IF NOT EXISTS `increment` (
  `IDENTIFIANT` int(11) NOT NULL AUTO_INCREMENT,
  `MATR_AGENT` varchar(5) NOT NULL,
  `ID_TYPE_DEMANDE` int(2) NOT NULL,
  `ANNEE` int(4) NOT NULL,
  `INCREMENT` int(3) NOT NULL DEFAULT '0',
  `DATE_CREATION` datetime NOT NULL DEFAULT CURRENT_TIMESTAMP,
  PRIMARY KEY (`IDENTIFIANT`),
  KEY `FK_AGENT` (`MATR_AGENT`),
  KEY `FK_TYPE_DEMANDE` (`ID_TYPE_DEMANDE`)
) ENGINE=MyISAM  DEFAULT CHARSET=utf8 AUTO_INCREMENT=23 ;

--
-- Dumping data for table `increment`
--

INSERT INTO `increment` (`IDENTIFIANT`, `MATR_AGENT`, `ID_TYPE_DEMANDE`, `ANNEE`, `INCREMENT`, `DATE_CREATION`) VALUES
(1, '0888', 1, 2020, 3, '2020-02-25 12:25:32'),
(2, '0888', 2, 2020, 2, '2020-02-25 12:26:12'),
(3, '0888', 3, 2020, 3, '2020-02-25 12:26:47'),
(4, '0888', 4, 2020, 1, '2020-02-25 12:27:11'),
(5, '0888', 5, 2020, 1, '2020-02-25 12:28:03'),
(6, '0888', 6, 2020, 2, '2020-02-25 12:28:35'),
(7, '0555', 1, 2020, 3, '2020-02-27 13:59:37'),
(8, '0555', 2, 2020, 7, '2020-02-27 14:00:12'),
(9, '0555', 3, 2020, 3, '2020-02-27 14:00:57'),
(10, '0555', 4, 2020, 1, '2020-02-27 14:01:08'),
(11, '0555', 5, 2020, 1, '2020-02-27 14:01:34'),
(12, '0555', 6, 2020, 1, '2020-02-27 14:02:12'),
(13, '0727', 1, 2020, 2, '2020-05-14 20:17:29'),
(14, '0555', 7, 2020, 1, '2020-06-23 13:04:37'),
(15, '0530', 1, 2020, 1, '2020-07-01 08:35:41'),
(16, '0530', 6, 2020, 1, '2020-07-09 15:32:06'),
(17, '0427', 3, 2020, 2, '2020-07-10 15:00:43'),
(18, '0427', 4, 2020, 1, '2020-07-10 23:31:59'),
(19, '0373', 3, 2020, 1, '2020-07-12 21:31:04'),
(20, '0427', 6, 2020, 1, '2020-07-14 15:16:30'),
(21, '0427', 5, 2020, 1, '2020-07-14 16:28:26'),
(22, '0727', 8, 2020, 3, '2020-07-17 14:45:05');

-- --------------------------------------------------------

--
-- Table structure for table `interim`
--

CREATE TABLE IF NOT EXISTS `interim` (
  `IDENTIFIANT` int(3) NOT NULL AUTO_INCREMENT,
  `ID_AGENT` int(5) NOT NULL,
  `ID_INTERIMAIRE` int(5) NOT NULL,
  `DATE_DEPART` date NOT NULL,
  `DATE_RETOUR` date NOT NULL,
  `MOTIF` varchar(255) DEFAULT NULL,
  `STATUT` int(1) NOT NULL,
  `DATE_CREATION` datetime NOT NULL DEFAULT CURRENT_TIMESTAMP,
  PRIMARY KEY (`IDENTIFIANT`),
  KEY `fk_agent_id` (`ID_AGENT`),
  KEY `fk_interim_id` (`ID_INTERIMAIRE`)
) ENGINE=MyISAM  DEFAULT CHARSET=utf8 AUTO_INCREMENT=4 ;

--
-- Dumping data for table `interim`
--

INSERT INTO `interim` (`IDENTIFIANT`, `ID_AGENT`, `ID_INTERIMAIRE`, `DATE_DEPART`, `DATE_RETOUR`, `MOTIF`, `STATUT`, `DATE_CREATION`) VALUES
(1, 6, 1, '2020-05-14', '2020-05-20', NULL, 0, '2020-05-14 22:17:54'),
(2, 5, 20, '2020-07-30', '2020-08-20', '41', 0, '2020-07-09 10:35:32');

-- --------------------------------------------------------

--
-- Table structure for table `journal`
--

CREATE TABLE IF NOT EXISTS `journal` (
  `IDENTIFIANT` int(11) NOT NULL AUTO_INCREMENT,
  `VU` int(1) NOT NULL,
  `ACTEUR` int(5) NOT NULL COMMENT 'ID DE L''AGENT',
  `ACTION` int(1) NOT NULL COMMENT '0-SOUMISSION / 1-ACCORD / 2-REFUS / 3-REJET / 4-DEMANDE D''ANNULATION / 5-ANNULATION / 6-DEMANDE DE MODIFICATION / 7-MODIFIABLE / 8-MODIFIE / 9-ANNULATION MODIDIFIABLE / 10-REFUS DEMANDE D''ANNULATION / 11-REFUS DEMANDE DE MODIFICATION / 12-ANNULATION DEMANDE D''ANNULATION / 13-ANNULATION DEMANDE DE MODIFICATION',
  `CIBLE` int(11) NOT NULL COMMENT 'ID DE LA DEMANDE',
  `MOTIF` varchar(255) DEFAULT NULL,
  `DATE_CREATION` datetime NOT NULL DEFAULT CURRENT_TIMESTAMP,
  PRIMARY KEY (`IDENTIFIANT`),
  KEY `FK_ACTEUR` (`ACTEUR`),
  KEY `FK_CIBLE` (`CIBLE`)
) ENGINE=MyISAM  DEFAULT CHARSET=utf8 AUTO_INCREMENT=145 ;

--
-- Dumping data for table `journal`
--

INSERT INTO `journal` (`IDENTIFIANT`, `VU`, `ACTEUR`, `ACTION`, `CIBLE`, `MOTIF`, `DATE_CREATION`) VALUES
(1, 0, 7, 4, 9, 'g', '2020-05-24 15:39:36'),
(2, 0, 6, 5, 9, '', '2020-05-24 15:47:16'),
(3, 0, 7, 6, 8, 'bonn', '2020-05-24 15:48:45'),
(4, 0, 6, 11, 8, 'rt', '2020-05-24 15:49:28'),
(5, 0, 7, 6, 8, 'rebelotte', '2020-05-24 15:50:45'),
(6, 0, 6, 7, 8, '', '2020-05-24 15:51:42'),
(7, 0, 6, 9, 8, '', '2020-05-24 15:54:12'),
(8, 0, 6, 11, 8, 'bb', '2020-05-24 15:54:51'),
(9, 0, 7, 6, 8, 'en core moi', '2020-05-24 15:55:36'),
(10, 0, 7, 13, 8, '', '2020-05-24 15:56:02'),
(11, 0, 6, 1, 8, '', '2020-05-24 15:56:10'),
(12, 0, 7, 6, 8, 'ff', '2020-05-24 15:57:11'),
(13, 0, 7, 13, 8, '', '2020-05-24 15:58:26'),
(14, 0, 7, 6, 8, 'bon cas', '2020-05-24 16:09:38'),
(15, 0, 7, 13, 8, '', '2020-05-24 16:10:19'),
(16, 0, 7, 6, 8, 'nb', '2020-05-24 16:11:20'),
(17, 0, 7, 13, 8, '', '2020-05-24 16:15:16'),
(18, 0, 6, 2, 8, 'nn', '2020-05-24 16:22:03'),
(19, 0, 7, 6, 7, 'bn', '2020-05-24 16:25:08'),
(20, 0, 7, 13, 7, '', '2020-05-24 16:25:46'),
(21, 0, 7, 6, 7, 'nm', '2020-05-24 16:26:52'),
(22, 0, 7, 13, 7, '', '2020-05-24 16:27:14'),
(23, 0, 7, 6, 7, 'nb', '2020-05-24 16:39:33'),
(24, 0, 7, 13, 7, '', '2020-05-24 16:40:29'),
(25, 0, 7, 4, 7, 'nv', '2020-05-24 16:41:17'),
(26, 0, 7, 12, 7, '', '2020-05-24 16:43:42'),
(27, 0, 6, 2, 7, 'vv', '2020-05-24 22:01:09'),
(28, 0, 5, 6, 6, 'hj', '2020-05-24 23:31:11'),
(29, 0, 5, 13, 6, '', '2020-05-24 23:31:56'),
(30, 0, 5, 6, 3, 'bn', '2020-05-24 23:32:05'),
(31, 0, 5, 13, 3, '', '2020-05-24 23:32:27'),
(32, 0, 5, 4, 6, 'bnmg', '2020-05-24 23:34:09'),
(34, 0, 5, 4, 3, 'bn', '2020-05-24 23:47:09'),
(35, 0, 5, 12, 3, '', '2020-05-24 23:48:39'),
(36, 0, 6, 1, 3, '', '2020-05-24 23:48:47'),
(37, 0, 5, 6, 1, 'modif', '2020-05-25 18:56:27'),
(38, 0, 6, 7, 1, '', '2020-05-25 18:57:48'),
(39, 0, 2, 3, 3, '', '2020-05-27 17:29:48'),
(40, 0, 2, 3, 3, '', '2020-05-27 17:29:57'),
(41, 0, 2, 3, 3, '', '2020-05-27 17:44:33'),
(42, 0, 2, 1, 3, '', '2020-05-27 17:48:19'),
(43, 0, 8, 2, 3, 'nn', '2020-05-27 18:04:19'),
(56, 0, 5, 12, 6, '', '2020-06-10 16:15:20'),
(57, 0, 5, 6, 6, 'bnbn', '2020-06-10 16:15:38'),
(58, 0, 3, 7, 6, '', '2020-06-10 16:16:24'),
(59, 0, 5, 0, 32, '', '2020-06-10 16:17:47'),
(60, 0, 5, 8, 6, '', '2020-06-10 16:17:47'),
(61, 0, 3, 1, 32, '', '2020-06-21 20:16:31'),
(62, 0, 9, 1, 32, '', '2020-06-21 20:25:13'),
(63, 0, 5, 0, 33, '', '2020-06-21 20:47:43'),
(64, 0, 5, 4, 5, 'plus la peine', '2020-06-21 21:18:55'),
(65, 0, 5, 6, 3, 'plus', '2020-06-21 21:19:27'),
(66, 0, 7, 0, 34, '', '2020-06-22 21:56:42'),
(67, 0, 7, 4, 34, '', '2020-06-22 21:57:12'),
(68, 0, 7, 12, 34, '', '2020-06-22 21:57:26'),
(69, 0, 7, 4, 34, '', '2020-06-22 21:57:38'),
(70, 0, 7, 12, 34, '', '2020-06-22 21:57:46'),
(71, 0, 7, 4, 34, '', '2020-06-22 21:59:12'),
(72, 0, 6, 5, 34, '', '2020-06-22 22:00:56'),
(73, 0, 7, 4, 12, '', '2020-06-22 22:10:41'),
(74, 0, 7, 12, 12, '', '2020-06-22 22:10:47'),
(75, 0, 6, 3, 1, '', '2020-06-22 22:25:11'),
(76, 0, 6, 2, 8, '', '2020-06-22 22:25:32'),
(77, 0, 7, 4, 12, '', '2020-06-22 22:30:56'),
(78, 0, 7, 12, 12, '', '2020-06-22 22:31:11'),
(79, 0, 7, 0, 35, '', '2020-06-23 13:04:37'),
(80, 0, 5, 6, 2, 'repousser date', '2020-06-23 14:56:32'),
(81, 0, 6, 7, 2, '', '2020-06-23 14:57:29'),
(82, 0, 7, 6, 35, 'pour test', '2020-06-24 09:18:30'),
(83, 0, 6, 7, 35, '', '2020-06-24 09:57:59'),
(84, 0, 7, 0, 36, '', '2020-06-24 10:24:55'),
(85, 0, 7, 8, 35, '', '2020-06-24 10:24:55'),
(86, 0, 7, 6, 36, 'bn', '2020-06-24 10:26:17'),
(87, 0, 6, 7, 36, '', '2020-06-24 10:27:28'),
(88, 0, 7, 0, 37, '', '2020-06-24 14:01:27'),
(89, 0, 7, 8, 36, '', '2020-06-24 14:01:27'),
(90, 0, 6, 1, 37, '', '2020-06-24 14:03:29'),
(91, 0, 3, 1, 33, '', '2020-06-24 14:08:12'),
(92, 0, 3, 1, 10, '', '2020-06-24 14:08:24'),
(93, 0, 3, 1, 11, '', '2020-06-24 14:10:47'),
(94, 0, 9, 1, 11, '', '2020-06-24 14:11:46'),
(95, 0, 9, 1, 33, '', '2020-06-24 14:12:08'),
(96, 0, 5, 0, 38, '', '2020-06-26 12:04:21'),
(97, 0, 5, 8, 2, '', '2020-06-26 12:04:21'),
(98, 0, 7, 0, 39, '', '2020-06-26 12:07:46'),
(99, 0, 7, 6, 39, 'CHANGER LA DATE DE FIN', '2020-06-26 12:09:55'),
(100, 0, 6, 7, 39, '', '2020-06-26 12:11:00'),
(101, 0, 9, 1, 10, '', '2020-06-29 20:52:55'),
(102, 0, 3, 10, 5, 'TEST', '2020-06-29 20:54:46'),
(103, 0, 3, 1, 4, '', '2020-06-29 20:55:33'),
(104, 0, 9, 1, 4, '', '2020-06-29 20:56:41'),
(105, 0, 2, 2, 37, 'test', '2020-06-29 21:04:33'),
(106, 0, 5, 0, 40, '', '2020-07-01 08:35:41'),
(107, 0, 6, 9, 39, '', '2020-07-01 09:06:48'),
(108, 0, 6, 7, 39, '', '2020-07-01 15:00:57'),
(109, 0, 5, 13, 3, '', '2020-07-08 11:52:50'),
(110, 0, 5, 6, 3, 'OK', '2020-07-08 17:12:15'),
(111, 0, 8, 7, 3, '', '2020-07-08 17:13:00'),
(112, 0, 5, 0, 41, '', '2020-07-08 17:14:35'),
(113, 0, 5, 8, 3, '', '2020-07-08 17:14:35'),
(114, 0, 6, 9, 39, '', '2020-07-09 09:20:53'),
(115, 0, 6, 1, 41, '', '2020-07-09 10:19:46'),
(116, 0, 2, 1, 41, '', '2020-07-09 10:24:47'),
(117, 0, 8, 1, 41, '', '2020-07-09 10:32:06'),
(118, 0, 3, 1, 41, '', '2020-07-09 10:35:33'),
(119, 0, 6, 7, 39, '', '2020-07-09 10:57:10'),
(120, 0, 7, 0, 42, '', '2020-07-09 10:58:47'),
(121, 0, 7, 8, 39, '', '2020-07-09 10:58:47'),
(122, 0, 6, 1, 42, '', '2020-07-09 11:03:41'),
(123, 0, 7, 6, 42, 'voir l''interimaire', '2020-07-09 11:27:51'),
(124, 0, 2, 7, 42, '', '2020-07-09 11:29:11'),
(125, 0, 5, 0, 43, '', '2020-07-09 15:32:06'),
(126, 0, 3, 1, 43, '', '2020-07-09 16:40:32'),
(127, 0, 3, 1, 5, '', '2020-07-09 16:41:04'),
(128, 0, 9, 1, 5, '', '2020-07-09 17:12:26'),
(130, 0, 20, 0, 45, '', '2020-07-10 15:07:29'),
(131, 0, 6, 1, 45, '', '2020-07-10 15:17:33'),
(132, 0, 20, 6, 45, 'tester voir s''il n''ya pas de bug a la modif', '2020-07-10 16:57:35'),
(133, 0, 2, 7, 45, '', '2020-07-10 16:59:51'),
(134, 0, 20, 0, 46, '', '2020-07-10 17:02:37'),
(135, 0, 20, 8, 45, '', '2020-07-10 17:02:37'),
(136, 0, 6, 1, 46, '', '2020-07-10 17:14:50'),
(137, 0, 2, 1, 46, '', '2020-07-10 17:16:37'),
(138, 0, 8, 1, 46, '', '2020-07-10 17:20:49'),
(139, 0, 20, 0, 47, '', '2020-07-10 23:31:59'),
(140, 0, 3, 1, 46, '', '2020-07-10 23:40:37'),
(141, 0, 21, 0, 48, '', '2020-07-12 21:31:04'),
(142, 0, 6, 1, 48, '', '2020-07-12 21:34:06'),
(143, 0, 20, 0, 49, '', '2020-07-14 15:16:30'),
(144, 0, 20, 0, 50, '', '2020-07-14 16:28:26');

-- --------------------------------------------------------

--
-- Table structure for table `mission`
--

CREATE TABLE IF NOT EXISTS `mission` (
  `IDENTIFIANT` int(11) NOT NULL AUTO_INCREMENT,
  `ID_DEMANDE` int(11) NOT NULL,
  `PAYS` varchar(100) DEFAULT NULL,
  `VILLE` varchar(100) DEFAULT NULL,
  `MOYEN_TP` int(1) NOT NULL DEFAULT '0' COMMENT '1-AVION 2-TRAIN 3-VEHICULE CCI 4-VEHICULE PERSONNEL 5-AVION+TRAIN',
  `TYPE` varchar(50) DEFAULT NULL,
  `PUISSANCE` int(5) DEFAULT NULL,
  `DEBUT` date DEFAULT NULL,
  `FIN` date DEFAULT NULL,
  `PRISENCHARGE` int(1) NOT NULL DEFAULT '0' COMMENT '0-NON 1-OUI',
  `ORGANISME` varchar(100) DEFAULT NULL,
  `CONTACT` varchar(100) DEFAULT NULL,
  `TRANSPORT` int(1) NOT NULL DEFAULT '0',
  `HEBERGEMENT` int(1) NOT NULL DEFAULT '0',
  `PERDIEM` int(1) NOT NULL DEFAULT '0',
  `MONTANT_PERDIEM` varchar(50) DEFAULT NULL,
  `BILLET` int(11) NOT NULL DEFAULT '0',
  `REMBOURSEMENT` int(11) NOT NULL DEFAULT '0',
  `CONVOI` int(1) NOT NULL DEFAULT '0',
  `HAUTEUR_REMBOUR` varchar(50) DEFAULT NULL,
  `DATE_CREATION` datetime NOT NULL DEFAULT CURRENT_TIMESTAMP,
  PRIMARY KEY (`IDENTIFIANT`)
) ENGINE=MyISAM  DEFAULT CHARSET=latin1 AUTO_INCREMENT=4 ;

--
-- Dumping data for table `mission`
--

INSERT INTO `mission` (`IDENTIFIANT`, `ID_DEMANDE`, `PAYS`, `VILLE`, `MOYEN_TP`, `TYPE`, `PUISSANCE`, `DEBUT`, `FIN`, `PRISENCHARGE`, `ORGANISME`, `CONTACT`, `TRANSPORT`, `HEBERGEMENT`, `PERDIEM`, `MONTANT_PERDIEM`, `BILLET`, `REMBOURSEMENT`, `CONVOI`, `HAUTEUR_REMBOUR`, `DATE_CREATION`) VALUES
(1, 35, 'KENYA', 'NAIROBI', 2, 'CCI', NULL, '2020-06-24', '2020-06-26', 1, 'OLINDA', '788900890797', 1, 0, 0, NULL, 0, 0, 0, NULL, '2020-06-23 13:04:37'),
(2, 36, 'KENYA', 'NAIROBI', 2, 'CCI', NULL, '2020-06-24', '2020-06-26', 1, 'OLINDA', '788900890797', 1, 0, 0, NULL, 0, 0, 0, NULL, '2020-06-24 10:24:55'),
(3, 37, 'KENYA', 'NAIROBI', 3, 'CCI', NULL, '2020-06-24', '2020-06-26', 1, 'OLINDA', '788900890797', 1, 1, 1, '1000000', 1, 1, 1, NULL, '2020-06-24 14:01:27');

-- --------------------------------------------------------

--
-- Table structure for table `modification`
--

CREATE TABLE IF NOT EXISTS `modification` (
  `IDENTIFIANT` int(10) NOT NULL AUTO_INCREMENT,
  `ID_DEMANDE` int(10) NOT NULL,
  `ID_AGENT` int(10) NOT NULL,
  `DUREE` varchar(10) DEFAULT NULL,
  `MONTANT_INTERIMAIRE` varchar(100) DEFAULT NULL,
  `DEPART` datetime DEFAULT NULL,
  `RETOUR` datetime DEFAULT NULL,
  `DATE_CREATION` datetime NOT NULL DEFAULT CURRENT_TIMESTAMP,
  PRIMARY KEY (`IDENTIFIANT`)
) ENGINE=MyISAM  DEFAULT CHARSET=latin1 AUTO_INCREMENT=12 ;

--
-- Dumping data for table `modification`
--

INSERT INTO `modification` (`IDENTIFIANT`, `ID_DEMANDE`, `ID_AGENT`, `DUREE`, `MONTANT_INTERIMAIRE`, `DEPART`, `RETOUR`, `DATE_CREATION`) VALUES
(1, 41, 2, '', '21', NULL, NULL, '2020-07-09 10:24:47'),
(2, 41, 8, '', '7', NULL, NULL, '2020-07-09 10:32:06'),
(3, 41, 3, '', '19', NULL, NULL, '2020-07-09 10:35:33'),
(4, 42, 6, '', '20', NULL, NULL, '2020-07-09 11:03:41'),
(5, 5, 3, '', '100000', NULL, NULL, '2020-07-09 16:41:04'),
(6, 45, 6, '', '7', NULL, NULL, '2020-07-10 15:17:33'),
(7, 46, 6, '', NULL, '2020-07-13 00:00:00', '2020-07-28 00:00:00', '2020-07-10 17:14:49'),
(8, 46, 2, '', '5', NULL, NULL, '2020-07-10 17:16:37'),
(9, 46, 8, '', NULL, '2020-07-17 00:00:00', '2020-07-28 00:00:00', '2020-07-10 17:20:49'),
(10, 46, 3, '', '19', '2020-07-17 00:00:00', '2020-07-29 00:00:00', '2020-07-10 23:40:37'),
(11, 48, 6, '', NULL, '2020-07-30 00:00:00', '2020-08-27 00:00:00', '2020-07-12 21:34:03');

-- --------------------------------------------------------

--
-- Table structure for table `param_demand`
--

CREATE TABLE IF NOT EXISTS `param_demand` (
  `IDENTIFIANT` int(3) NOT NULL AUTO_INCREMENT,
  `ID_TYPE_DEMAND` int(2) NOT NULL,
  `GROUPE_PARAM` int(1) DEFAULT NULL,
  `DESCRIPTION` varchar(255) NOT NULL,
  `VALEUR` varchar(255) DEFAULT NULL,
  `STATUT` int(1) NOT NULL DEFAULT '0',
  `DATE_CREATION` datetime NOT NULL DEFAULT CURRENT_TIMESTAMP,
  PRIMARY KEY (`IDENTIFIANT`),
  KEY `FK_DEMAND` (`ID_TYPE_DEMAND`)
) ENGINE=MyISAM  DEFAULT CHARSET=utf8 AUTO_INCREMENT=18 ;

--
-- Dumping data for table `param_demand`
--

INSERT INTO `param_demand` (`IDENTIFIANT`, `ID_TYPE_DEMAND`, `GROUPE_PARAM`, `DESCRIPTION`, `VALEUR`, `STATUT`, `DATE_CREATION`) VALUES
(1, 1, NULL, 'Baptême d''un Enfant', '1', 0, '2020-02-19 11:02:12'),
(2, 1, NULL, 'Première Communion d''un Enfant', '1', 0, '2020-02-19 11:05:45'),
(3, 1, NULL, 'Déménagement', '1', 0, '2020-02-19 11:06:27'),
(4, 1, NULL, 'Naissance d''un Enfant', '2', 0, '2020-02-19 11:06:27'),
(5, 1, NULL, 'Mariage d''un Enfant, d''un Frère ou d''une Soeur', '2', 0, '2020-02-19 11:07:10'),
(6, 1, NULL, 'Décès d''un Frère ou d''une Soeur', '2', 0, '2020-02-19 11:07:10'),
(7, 1, NULL, 'Décès du Beau-Père ou de la Belle-Mère', '2', 0, '2020-02-19 11:08:01'),
(8, 1, NULL, 'Mariage du Travailleur', '4', 0, '2020-02-19 11:08:01'),
(9, 1, NULL, 'Décès d''un Enfant, du Père ou de la Mère', '5', 0, '2020-02-19 11:08:51'),
(10, 1, NULL, 'Décès du Conjoint', '5', 0, '2020-02-19 11:08:51'),
(11, 6, NULL, 'Aménagement', '', 0, '2020-02-25 10:38:30'),
(12, 6, NULL, 'Equipement', '', 0, '2020-02-25 10:38:30'),
(13, 6, NULL, 'Urgence', '', 0, '2020-02-25 10:38:30'),
(14, 6, NULL, 'Scolaire', '', 0, '2020-02-25 10:38:30'),
(15, 8, NULL, 'TOUS', '0', 0, '2020-07-16 14:22:03'),
(16, 8, NULL, 'DAF', '8', 0, '2020-07-16 14:22:03'),
(17, 8, NULL, 'DRHCOM', '3', 0, '2021-02-09 12:56:28');

-- --------------------------------------------------------

--
-- Table structure for table `poste`
--

CREATE TABLE IF NOT EXISTS `poste` (
  `IDENTIFIANT` int(3) NOT NULL AUTO_INCREMENT,
  `LIBELLE` varchar(255) NOT NULL,
  `DATE_CREATION` datetime NOT NULL DEFAULT CURRENT_TIMESTAMP,
  PRIMARY KEY (`IDENTIFIANT`)
) ENGINE=MyISAM  DEFAULT CHARSET=utf8 AUTO_INCREMENT=143 ;

--
-- Dumping data for table `poste`
--

INSERT INTO `poste` (`IDENTIFIANT`, `LIBELLE`, `DATE_CREATION`) VALUES
(1, 'INSPECTEUR DE POIDS', '2021-03-18 11:16:19'),
(2, 'CHAUFFEUR COURSIER', '2021-03-18 11:16:19'),
(3, 'CHAUFFEUR', '2021-03-18 11:16:19'),
(4, 'ADMINISTRATEUR B.D & PLATE FORME', '2021-03-18 11:16:19'),
(5, 'OPERATEUR DE SAISIE', '2021-03-18 11:16:19'),
(6, 'CHEF DEPARTEMANT PESAGE', '2021-03-18 11:16:19'),
(7, 'CHEF DE DEPARTEMENT SYSTEME INFORMATIQUE', '2021-03-18 11:16:19'),
(8, 'ASSISTANTE DE DIRECTION CACI', '2021-03-18 11:16:19'),
(9, 'AGENT DE TRI SAISIE VALIDATION', '2021-03-18 11:16:19'),
(10, 'ASSISTANTE DE DIRECTION', '2021-03-18 11:16:19'),
(11, 'DIRECTRICE DE LA FORMATION', '2021-03-18 11:16:19'),
(12, 'OPÉRATEUR DE SUIVI GÉOCALISATION', '2021-03-18 11:16:19'),
(13, 'CHEF DE DÉPARTEMENT DÉVELOPEMENT DES RESSOURCES HUMAINES', '2021-03-18 11:16:19'),
(14, 'CHARGÉE DU TOURISME & HÔTELERIE', '2021-03-18 11:16:19'),
(15, 'CAISSIERE PSNF/DAF', '2021-03-18 11:16:19'),
(16, 'INFORMATICIEN', '2021-03-18 11:16:19'),
(17, 'ATTACHÉ À LA DIRECT.DES ETUDES', '2021-03-18 11:16:19'),
(18, 'CHARGÉ DE L''ACTION TERRITORIALE', '2021-03-18 11:16:19'),
(19, 'COMPTABLE', '2021-03-18 11:16:19'),
(20, 'CHARGÉ PÉDAGOGIE & PROGRAMMES', '2021-03-18 11:16:19'),
(21, 'ENSEIGNANT', '2021-03-18 11:16:19'),
(22, 'ADJOINT AU CHEF DE SCE P.E.D', '2021-03-18 11:16:19'),
(23, 'AGENT DE CONTRÔLE PESAGE', '2021-03-18 11:16:19'),
(24, 'AGENT DE PRÉCONTRÔLE PESAGE', '2021-03-18 11:16:19'),
(25, 'CHEF DU DEPARTEMENT TRESORERIE', '2021-03-18 11:16:19'),
(26, 'INFORMATICIEN DÉVELOPPEUR D''APPLICATIONS', '2021-03-18 11:16:19'),
(27, 'SUPERVISEUR DES INSPECTEURS DE POIDS', '2021-03-18 11:16:19'),
(28, 'AGENT DE RÉCEPTION', '2021-03-18 11:16:19'),
(29, 'AGENT DE POSE & DEPOSE BALISES', '2021-03-18 11:16:19'),
(30, 'CHEF DU SERVICE PESAGE ABIDJAN', '2021-03-18 11:16:19'),
(31, 'CHEF DE SERVICE MÉTROLOGIE', '2021-03-18 11:16:19'),
(32, 'CHEF DEPARTEMENT COMPTABLE & FINANCIER', '2021-03-18 11:16:19'),
(33, 'OPERATEUR DE SAISIE PNSF', '2021-03-18 11:16:19'),
(34, 'CHEF  DU DÉPARTEMENT APPUI  & CONSEIL AUX ENTREPRISES', '2021-03-18 11:16:19'),
(35, 'ASSISTANTE ADMINISTRATIVE', '2021-03-18 11:16:19'),
(36, 'AGENT DE SÉCURISATION PNSF', '2021-03-18 11:16:19'),
(37, 'MANOEUVRE', '2021-03-18 11:16:19'),
(38, 'EDUCATEUR', '2021-03-18 11:16:19'),
(39, 'CHEF DU SERVICE EXPLOITATION & RECEVABILITE', '2021-03-18 11:16:19'),
(40, 'CHARGÉE DES PARTENARIATS & R.', '2021-03-18 11:16:19'),
(41, 'CHEF DU SERVICE ADMINISTRATIF ET PESAGE DE SAN-PEDRO', '2021-03-18 11:16:19'),
(42, 'CHARGÉE DU DÉVELOPEMENT INTERNAL', '2021-03-18 11:16:19'),
(43, 'COORDONNATEUR ACTION REGIONALE', '2021-03-18 11:16:19'),
(44, 'BIBLIOTHÉCAIRE', '2021-03-18 11:16:19'),
(45, 'COURSIER', '2021-03-18 11:16:19'),
(46, 'CHEF DE DÉPARTEMENT MÉDICO-SOCIAL', '2021-03-18 11:16:19'),
(47, 'CHARGÉ D''ETUDES', '2021-03-18 11:16:19'),
(48, 'OPRERATRICE DE SAISIE', '2021-03-18 11:16:19'),
(49, 'CHARGE A L''INSERTION', '2021-03-18 11:16:19'),
(50, 'CHEF DU SERVICE ADMINISTRATIF &  PESAGE DE BOUAKE', '2021-03-18 11:16:19'),
(51, 'CHEF DE DÉPARTEMENT ANIMATION & PROMOTION DU SECTEUR PRIVÉ', '2021-03-18 11:16:19'),
(52, 'CHARGÉE DES FORMALITÉS ADMINISTRATIVES', '2021-03-18 11:16:19'),
(53, 'OPERATEUR DE SITE PNSF', '2021-03-18 11:16:19'),
(54, 'ENSEIGNANTE', '2021-03-18 11:16:19'),
(55, 'CHEF DÉPARTEMENT CHARGÉ DES PROJETS', '2021-03-18 11:16:19'),
(56, 'CONSEILLER APPUI CREATION', '2021-03-18 11:16:19'),
(57, 'CHARGEE DE L'' ACCUEIL', '2021-03-18 11:16:19'),
(58, 'CHARGÉ DES RAPPORTS PESAGE', '2021-03-18 11:16:19'),
(59, 'SECRETAIRE', '2021-03-18 11:16:19'),
(60, 'CHEF DE DEPARTEMENT PNSF', '2021-03-18 11:16:19'),
(61, 'TECHNICIEN MAINTENANCE', '2021-03-18 11:16:19'),
(62, 'AGENT PESEUR', '2021-03-18 11:16:19'),
(63, 'AGENT DE REPROGRAPHIE', '2021-03-18 11:16:19'),
(64, 'ARCHIVISTE', '2021-03-18 11:16:19'),
(65, 'AGENT DE CONTRÔLE PNSF', '2021-03-18 11:16:19'),
(66, 'ASSISTANTE COMMUNICATION', '2021-03-18 11:16:19'),
(67, 'AGENT DU TRIE', '2021-03-18 11:16:19'),
(68, 'CHEF DE DEPARTEMENT ADMINISTIF& PAIE', '2021-03-18 11:16:19'),
(69, 'INFIRMIER', '2021-03-18 11:16:19'),
(70, 'SERVICE MARKETING & INSERTION PROFESSIONNELLE', '2021-03-18 11:16:19'),
(71, 'AGENT DE BUREAU', '2021-03-18 11:16:19'),
(72, 'DIRECTEUR  SERVICES CONCÉDÉS', '2021-03-18 11:16:19'),
(73, 'ACCUEIL RECEVABILITE TRIE', '2021-03-18 11:16:19'),
(74, 'ASSISTANT JURIDIQUE ET ADMINISTRATIF', '2021-03-18 11:16:19'),
(75, 'CAISSIERE', '2021-03-18 11:16:19'),
(76, 'CHARGÉE DE L''ACTION INTERN.', '2021-03-18 11:16:19'),
(77, 'ASSISTANTE À LA DAF', '2021-03-18 11:16:19'),
(78, 'CHEF DEPARTEMENT  MOYENS GENERAUX & PATRIMOINE', '2021-03-18 11:16:19'),
(79, 'TECHINICIEN MOYENS GENERAUX', '2021-03-18 11:16:19'),
(80, 'CHEF SERVICE JURIDIQUE & FISCAL', '2021-03-18 11:16:19'),
(81, 'RESPONSABLE MATCHING', '2021-03-18 11:16:19'),
(82, 'GESTIONNAIRE  VENTES CARNETS PREIMPRIMES', '2021-03-18 11:16:19'),
(83, 'CHEF DE SERVICE MEDIATION CACI', '2021-03-18 11:16:19'),
(84, 'SECRETAIRE GENERAL', '2021-03-18 11:16:19'),
(85, 'ASSISTANT SCE PÉDAGOGIE & DÉV.', '2021-03-18 11:16:19'),
(86, 'DIRECTEUR ADMINISTRATIF ET FINANCIER', '2021-03-18 11:16:19'),
(87, 'DIRECTEUR DAEPSP', '2021-03-18 11:16:19'),
(88, 'CHEF DE SERVICE REPORTING', '2021-03-18 11:16:19'),
(89, 'CHARGÉE  APPUI AU FINANC.ESES', '2021-03-18 11:16:19'),
(90, 'ASSISTANTE', '2021-03-18 11:16:19'),
(91, 'CHEF DE SERVICE AU CENTRE D''ETUDE DES LANGUES', '2021-03-18 11:16:19'),
(92, 'CHARGÉ DU  CENTRE GESTION AGRÉÉ', '2021-03-18 11:16:19'),
(93, 'ASSISTANTE R.H', '2021-03-18 11:16:19'),
(94, 'ASSISTANTE ADMIN & COMMERCIALE', '2021-03-18 11:16:20'),
(95, 'DIRECTEUR R.H.', '2021-03-18 11:16:20'),
(96, 'CHARGÉ DES PARTENARIATS & RÉS.', '2021-03-18 11:16:20'),
(97, 'CHEF DE DEPARTEMENT TRIE', '2021-03-18 11:16:20'),
(98, 'CHEF DE DEPARTEMENT INFRASTRUCTURES', '2021-03-18 11:16:20'),
(99, 'ASSISTANTE COMMERICALE', '2021-03-18 11:16:20'),
(100, 'CHEF DÉPARTEMENT TERRITORIAL & DEVELOPPEMENT DURABLE', '2021-03-18 11:16:20'),
(101, 'CONTROLEUR DES POIDS & MESURES', '2021-03-18 11:16:20'),
(102, 'AGENT DE MAINTENANCE INFORMATIQUE', '2021-03-18 11:16:20'),
(103, 'RESPONSABLE DU CENTRE D''ETUDES DES LANGUES', '2021-03-18 11:16:20'),
(104, 'EDUCATEUR-ARCHIVISTE', '2021-03-18 11:16:20'),
(105, 'WEB MASTER', '2021-03-18 11:16:20'),
(106, 'GESTIONNAIRE DE T1', '2021-03-18 11:16:20'),
(107, 'RESPONSABLE INFO PÔLE RÉGIONAL', '2021-03-18 11:16:20'),
(108, 'AGENT D''ACCUEIL & GESTION CERTIFICATS', '2021-03-18 11:16:20'),
(109, 'STANDARDISTE', '2021-03-18 11:16:20'),
(110, 'CHEF DE DÉPARTEMENT INTELLIGENCE ECONOMIQUE', '2021-03-18 11:16:20'),
(111, 'CHEF DE DEPARTEMENT FORMATION CONTINUE', '2021-03-18 11:16:20'),
(112, 'CHARGE APPUI AUX SCES & BTP', '2021-03-18 11:16:20'),
(113, 'COMMERCIALE', '2021-03-18 11:16:20'),
(114, 'AGENT DE MATCHING', '2021-03-18 11:16:20'),
(115, 'RESPONSABLE ADJOINT DE LA  CELLULE DE POSE ET DEPOSE DE BALISE', '2021-03-18 11:16:20'),
(116, 'CHEF DE SERVICE ADMISSION & SCOLARITE', '2021-03-18 11:16:20'),
(117, 'RESPONSABLE GESTION DES ELUS', '2021-03-18 11:16:20'),
(118, 'AGENT D'' ACCUEIL & SAISIE PNSF', '2021-03-18 11:16:20'),
(119, 'CHEF DE DEPARTEMENT JURIDIQUE', '2021-03-18 11:16:20'),
(120, 'ASSISTANT PESEUR', '2021-03-18 11:16:20'),
(121, 'CONSEILLER D''EDUCATION', '2021-03-18 11:16:20'),
(122, 'AGENT DU  COURRIER', '2021-03-18 11:16:20'),
(123, 'DACTYLOGRAPHE', '2021-03-18 11:16:20'),
(124, 'SECRETAIRE EPCCI', '2021-03-18 11:16:20'),
(125, 'DIRECTEUR GENERAL ADJOINT', '2021-03-18 11:16:20'),
(126, 'CHEF DE SERVICE COMPTABILITE GENERALE', '2021-03-18 11:16:20'),
(127, 'CONSEILLER A L''INSERTION', '2021-03-18 11:16:20'),
(128, 'RESPONSABLE QUALITE', '2021-03-18 11:16:20'),
(129, 'ASSISTANT INFORMATICIEN', '2021-03-18 11:16:20'),
(130, 'AGENT D''ACCUEIL PNSF', '2021-03-18 11:16:20'),
(131, 'RESPONSABLE POSE ET DEPOSE DE BALISE', '2021-03-18 11:16:20'),
(132, 'CHEF DE SERVICE GÉOLOCALISATION', '2021-03-18 11:16:20'),
(133, 'ECONOMISTE SENIOR P. CHAMPION', '2021-03-18 11:16:20'),
(134, 'CHARGÉE DE L''ANIMATION ECONOMIQUE', '2021-03-18 11:16:20'),
(135, 'CONTRÔLEUR DE GESTION', '2021-03-18 11:16:20'),
(136, 'INGÉNIEUR INFORMATICIEN', '2021-03-18 11:16:20'),
(137, 'CHEF DU SERVICE PNSF', '2021-03-18 11:16:20'),
(138, 'EDUCATRICE', '2021-03-18 11:16:20'),
(139, 'CHARGÉE DE L''APPUI À L''INTERNATIONAL', '2021-03-18 11:16:20'),
(140, 'CHEF DE SCE ARBITRAGE CACI', '2021-03-18 11:16:20'),
(141, 'DIRECTEUR DEIE', '2021-03-18 11:16:20'),
(142, 'RESPONSABLE DE LA CELLULE TRIE DE SAN-PEDRO', '2021-03-18 11:16:20');

-- --------------------------------------------------------

--
-- Table structure for table `role`
--

CREATE TABLE IF NOT EXISTS `role` (
  `IDENTIFIANT` int(2) NOT NULL AUTO_INCREMENT,
  `LIBELLE` varchar(255) NOT NULL,
  `STATUT` int(1) NOT NULL DEFAULT '0',
  `DATE_CREATION` datetime NOT NULL DEFAULT CURRENT_TIMESTAMP,
  PRIMARY KEY (`IDENTIFIANT`)
) ENGINE=MyISAM  DEFAULT CHARSET=utf8 AUTO_INCREMENT=5 ;

--
-- Dumping data for table `role`
--

INSERT INTO `role` (`IDENTIFIANT`, `LIBELLE`, `STATUT`, `DATE_CREATION`) VALUES
(1, 'PERSONNEL', 0, '2020-02-12 13:57:38'),
(2, 'DECIDEUR', 0, '2020-02-12 13:57:38'),
(3, 'DAF', 0, '2020-02-12 13:57:38'),
(4, 'DRHCOM', 0, '2020-02-12 13:57:38');

-- --------------------------------------------------------

--
-- Table structure for table `service`
--

CREATE TABLE IF NOT EXISTS `service` (
  `IDENTIFIANT` int(3) NOT NULL AUTO_INCREMENT,
  `LIBELLE` varchar(255) NOT NULL,
  `TYPE` int(11) NOT NULL COMMENT '0:ORDINAIRE/1:PR/2:SG/3:DAF/4:DRH/5:DIRECTEUR/6:CHEFDEP/7:CHEFSERV/8:SECRETAIRE/9:TRESORIER',
  `SUP` int(3) DEFAULT NULL,
  `ID_DEPARTEMENT` int(3) DEFAULT NULL,
  `ID_DIRECTION` int(3) DEFAULT NULL,
  `ID_DIR_SUP` int(3) DEFAULT NULL,
  `STATUT` int(1) NOT NULL DEFAULT '0',
  `DATE_CREATION` datetime NOT NULL DEFAULT CURRENT_TIMESTAMP,
  PRIMARY KEY (`IDENTIFIANT`),
  KEY `FK_DEPARTEMENT` (`ID_DEPARTEMENT`),
  KEY `FK_DIRECTION2` (`ID_DIRECTION`),
  KEY `FK_EXTRA` (`ID_DIR_SUP`)
) ENGINE=MyISAM  DEFAULT CHARSET=utf8 AUTO_INCREMENT=109 ;

--
-- Dumping data for table `service`
--

INSERT INTO `service` (`IDENTIFIANT`, `LIBELLE`, `TYPE`, `SUP`, `ID_DEPARTEMENT`, `ID_DIRECTION`, `ID_DIR_SUP`, `STATUT`, `DATE_CREATION`) VALUES
(1, 'Service Administratif de San-Pedro', 0, 11, 1, 1, 2, 0, '2020-02-19 11:13:07'),
(2, 'Chef de Département Pesage et Certification des Poids', 6, NULL, 1, 1, 2, 0, '2020-02-19 11:14:35'),
(3, 'Directeur des Ressources Humaines et de la Communication', 4, NULL, NULL, 2, 2, 0, '2020-02-25 10:51:50'),
(4, 'Chef de Service Pesage Général', 7, NULL, 1, 1, 2, 0, '2020-02-26 15:07:57'),
(5, 'Service Pesage Général', 0, 4, 1, 1, 2, 0, '2020-02-26 15:09:24'),
(6, 'Sécretariat du DISC', 8, NULL, NULL, 1, 2, 0, '2020-04-24 13:36:48'),
(7, 'Directeur des Infrastructures et des services concedes', 5, NULL, NULL, 1, 2, 0, '2020-05-07 19:31:11'),
(8, 'Directeur de l''Administration et des Finances', 3, NULL, NULL, 3, 2, 0, '2020-05-07 19:32:26'),
(9, 'Chef de Département PNSF', 6, NULL, 2, 1, 2, 0, '2020-05-07 19:44:49'),
(10, 'Chef de service PNSF', 7, NULL, 2, 1, 2, 0, '2020-05-07 19:44:49'),
(11, 'Chef de Service Administratif de San-Pedro', 7, NULL, 1, 1, 2, 0, '2020-05-07 19:50:52'),
(12, 'Service PNSF', 0, 10, 2, 1, 2, 0, '2020-05-07 20:47:52'),
(13, 'Chef de Service Métrologie', 7, NULL, 1, 1, 2, 0, '2020-05-07 20:50:18'),
(14, 'Sécretaire general', 2, NULL, NULL, NULL, 2, 0, '2020-05-07 21:03:37'),
(15, 'Président', 1, NULL, NULL, NULL, 1, 0, '2020-07-02 11:41:13'),
(16, 'Assistance de Direction de la présidence', 8, NULL, NULL, NULL, 1, 0, '2020-07-24 15:24:29'),
(17, 'Responsable Gestion des Elus', 0, NULL, NULL, NULL, 1, 0, '2020-07-24 15:26:53'),
(18, 'Chauffeur de la présidence', 0, NULL, NULL, NULL, 1, 0, '2020-07-24 15:26:53'),
(19, 'Assistance de Direction CACI', 8, NULL, NULL, 5, 2, 0, '2020-07-24 15:31:35'),
(20, 'Assistance juridique et administrative', 0, NULL, NULL, 5, 2, 0, '2020-07-24 15:31:35'),
(21, 'Chef de service arbitrage', 6, NULL, 1, 5, 2, 0, '2020-07-24 15:33:49'),
(22, 'Chef de service médiation', 6, NULL, 2, 5, 2, 0, '2020-07-24 15:33:49'),
(23, 'Assistance à la  DAF', 8, NULL, NULL, 3, 2, 0, '2020-07-24 15:42:11'),
(24, 'Chef  du département des moyens généraux et du patrimoine', 6, NULL, 3, 3, 2, 0, '2020-07-24 15:47:35'),
(25, 'Directeur de la Cour d''Arbitrage de Cote d''Ivoire', 5, NULL, NULL, 5, 2, 0, '2020-07-24 15:56:02'),
(26, 'Directeur de l''Appui aux Entreprise et de la Promotion du Secteur Prive', 5, NULL, NULL, 4, 2, 0, '2020-07-24 15:58:34'),
(27, 'Directeur des Études et des Informations Économiques', 5, NULL, NULL, 6, 2, 0, '2020-07-24 15:58:34'),
(28, 'Directeur de la Formation', 5, NULL, NULL, 7, 2, 0, '2020-07-24 15:59:38'),
(29, 'Moyens generaux', 0, 24, 3, 3, 2, 0, '2020-07-24 16:14:43'),
(30, 'Chef de Département Trésorerie', 6, NULL, 4, 3, 2, 0, '2020-07-24 16:22:07'),
(31, 'Département Trésorerie', 0, 30, 4, 3, 2, 0, '2020-07-24 16:22:07'),
(32, 'Chef de Département des Systèmes d''information', 6, NULL, 5, 3, 2, 0, '2020-07-24 16:30:20'),
(33, 'Agent du Département des Systèmes d''information', 0, 32, 5, 3, 2, 0, '2020-07-24 16:30:20'),
(34, 'Chef de Département Juridique', 6, NULL, 6, 3, 2, 0, '2020-07-24 16:36:56'),
(35, 'Chef de service Juridique et fiscal', 7, NULL, 6, 3, 2, 0, '2020-07-24 16:40:54'),
(36, 'Service Juridique et fiscal', 0, 35, 6, 3, 2, 0, '2020-07-24 16:40:54'),
(37, 'Chef de Département Comptable et Financier', 6, NULL, 7, 3, 2, 0, '2020-07-24 17:05:55'),
(38, 'Chef de service Reporting', 7, NULL, 7, 3, 2, 0, '2020-07-24 17:24:53'),
(39, 'Chef de service Comptabilité Générale', 7, NULL, 7, 3, 2, 0, '2020-07-24 17:24:53'),
(40, 'Service Comptabilité générale', 0, 39, 7, 3, 2, 0, '2020-07-24 17:30:43'),
(41, 'Directeur de l''Appui aux Entreprises et de la Promotion du Secteur Privé', 5, NULL, NULL, 4, 2, 0, '2020-07-27 11:04:23'),
(42, 'Chef de Département Animation et Promotion du Secteur Privé', 6, NULL, 8, 4, 2, 0, '2020-07-27 11:47:29'),
(43, 'Département Animation et Promotion du Secteur Privé', 0, 42, 8, 4, 2, 0, '2020-07-27 11:47:29'),
(44, 'Chef de Département Appui et Conseil aux Entreprises', 6, NULL, 9, 4, 2, 0, '2020-07-27 12:05:09'),
(45, 'Département Appui et Conseil aux Entreprises', 0, 44, 9, 4, 2, 0, '2020-07-27 12:05:09'),
(46, 'Chef de Département Chargé des Projets', 6, NULL, 10, 4, 2, 0, '2020-07-27 12:37:50'),
(47, 'Département Chargé des Projets', 0, 46, 10, 4, 2, 0, '2020-07-27 12:37:50'),
(48, 'Chef de Département Administration et Paie', 6, NULL, 11, 2, 2, 0, '2020-07-27 14:29:35'),
(49, 'Agent du Département Administration et Paie', 7, NULL, 11, 2, 2, 0, '2020-07-27 14:29:35'),
(50, 'Chef de Département Médico-Social', 6, NULL, 12, 2, 2, 0, '2020-07-27 14:50:17'),
(51, 'Département Médico-Social', 0, 50, 12, 2, 2, 0, '2020-07-27 14:50:17'),
(52, 'Secrétaire du DRH ', 8, NULL, NULL, 2, 2, 0, '2020-07-27 14:57:32'),
(53, 'Assistance Ressources Humaines', 0, NULL, NULL, 2, 2, 0, '2020-07-27 15:07:57'),
(54, 'Chef de Département Développement des Ressources Humaines', 6, NULL, 14, 2, 2, 0, '2020-07-27 15:10:52'),
(55, 'Agent du Département Communication', 0, NULL, NULL, 2, 2, 0, '2020-07-27 15:13:11'),
(56, 'Contrôle de Gestion', 0, NULL, NULL, NULL, 2, 0, '2020-07-27 15:54:31'),
(57, 'Service Secrétariat Général', 0, NULL, NULL, NULL, 2, 0, '2020-07-27 15:56:59'),
(58, 'Service Courrier', 0, NULL, NULL, NULL, 2, 0, '2020-07-27 15:56:59'),
(59, 'Chef du Département de l''Intelligence Économique', 6, NULL, 15, 6, 2, 0, '2020-07-27 16:18:30'),
(60, 'Département de l''Intelligence Économique', 0, 59, 15, 6, 2, 0, '2020-07-27 16:18:30'),
(61, 'Chef du Département de la Formation Professionnelle et Continue', 6, NULL, 16, 7, 2, 0, '2020-07-27 16:28:17'),
(62, 'Département de la Formation Professionnelle et Continue', 0, 61, 16, 7, 2, 0, '2020-07-27 16:28:17'),
(63, 'Chef de Département Infrastructure', 6, NULL, 17, 1, 2, 0, '2020-07-28 10:14:25'),
(64, 'Chef de département TRIE', 6, NULL, 18, 1, 2, 0, '2020-08-24 17:38:16'),
(65, 'Chef de service Explotation et Recevabilité', 7, NULL, 18, 1, 2, 0, '2020-08-24 17:38:16'),
(66, 'Chef de service Géolocalisation', 7, NULL, 18, 1, 2, 0, '2020-08-24 17:38:57'),
(67, 'Chef de Service Administratif de Bouaké', 7, NULL, 1, 1, 2, 0, '2020-08-26 11:15:39'),
(68, 'Service Administratif de Bouaké', 0, 67, 1, 1, 2, 0, '2020-08-26 11:18:00'),
(69, 'Service Explotation et Recevabilité', 0, 65, 18, 1, 2, 0, '2020-08-28 12:07:55'),
(70, 'Service Géolocalisation', 0, 66, 18, 1, 2, 0, '2020-08-28 12:07:55'),
(71, 'Responsable Cellule TRIE San Pedro', 7, NULL, 18, 1, 2, 0, '2020-08-28 12:12:54'),
(72, 'Chef de département Térritorial et Développement Durable', 6, NULL, 19, 6, 2, 0, '2020-09-18 14:35:35'),
(73, 'CAT ABENGOUROU', 7, NULL, 19, 6, 2, 0, '2020-09-18 15:04:54'),
(74, 'CAT ABOISSO', 7, NULL, 19, 6, 2, 0, '2020-09-18 15:04:54'),
(75, 'CAT BONDOUKOU', 7, NULL, 19, 6, 2, 0, '2020-09-18 15:04:54'),
(76, 'CAT BOUAFLE', 7, NULL, 19, 6, 2, 0, '2020-09-18 15:04:54'),
(77, 'CAT BOUAKE', 7, NULL, 19, 6, 2, 0, '2020-09-18 15:04:54'),
(78, 'CAT BOUAKE BIS', 0, 77, 19, 6, 2, 0, '2020-09-18 15:08:24'),
(79, 'CAT DALOA', 7, NULL, 19, 6, 2, 0, '2020-09-18 15:08:24'),
(80, 'CAT DIMBOKRO', 7, NULL, 19, 6, 2, 0, '2020-09-18 15:08:24'),
(81, 'CAT DIVO', 7, NULL, 19, 6, 2, 0, '2020-09-18 15:08:24'),
(82, 'CAT DUEKOUE', 7, NULL, 19, 6, 2, 0, '2020-09-18 15:08:24'),
(83, 'CAT GAGNOA', 7, NULL, 19, 6, 2, 0, '2020-09-18 15:12:33'),
(84, 'CAT KORHOGO', 7, NULL, 19, 6, 2, 0, '2020-09-18 15:12:33'),
(85, 'CAT ODIENNE', 7, NULL, 19, 6, 2, 0, '2020-09-18 15:12:33'),
(86, 'CAT SAN-PEDRO', 7, NULL, 19, 6, 2, 0, '2020-09-18 15:12:33'),
(87, 'CAT SEGUELA', 7, NULL, 19, 6, 2, 0, '2020-09-18 15:12:33'),
(88, 'CAT MAN', 7, NULL, 19, 6, 2, 0, '2020-09-18 15:14:11'),
(89, 'CAT TOUBA', 7, NULL, 19, 6, 2, 0, '2020-09-18 15:14:11'),
(90, 'CAT YAMOUSSOUKRO', 7, NULL, 19, 6, 2, 0, '2020-09-18 15:14:11'),
(91, 'Assistante de direction à la Directrice de la Formation', 8, NULL, NULL, 7, 2, 0, '2020-09-21 08:59:56'),
(92, 'Responsable Qualité', 0, NULL, NULL, 7, 2, 0, '2020-09-21 09:21:08'),
(93, 'Chef de service PED', 6, NULL, 20, 7, 2, 0, '2020-09-21 09:36:05'),
(94, 'Chef de service Admission et Scolarité', 6, NULL, 21, 7, 2, 0, '2020-09-21 09:36:05'),
(95, 'Assistant Informaticien', 0, NULL, NULL, 7, 2, 0, '2020-09-21 09:36:05'),
(96, 'Chef de service Marketing et Insertion Professionnelle', 6, NULL, 23, 7, 2, 0, '2020-09-21 09:36:05'),
(97, 'Service Admission et Scolarité', 0, 94, 21, 7, 2, 0, '2020-09-21 10:35:03'),
(98, 'Assistante de direction du service PED', 8, 93, 20, 7, 2, 0, '2020-09-21 10:47:16'),
(99, 'Service PED', 0, 93, 20, 7, 2, 0, '2020-09-21 10:47:16'),
(100, 'Conseiller d''éducation au Service PED', 7, NULL, 20, 7, 2, 0, '2020-09-21 10:56:13'),
(101, 'Adjoint au Chef du Service PED', 7, NULL, 20, 7, 2, 0, '2020-09-21 10:56:13'),
(102, 'Service PED (Educateur)', 0, 100, 20, 7, 2, 0, '2020-09-21 11:08:17'),
(103, 'Service PED (Assistant)', 0, 101, 20, 7, 2, 0, '2020-09-21 11:08:17'),
(104, 'Service PED (Formateur)', 0, 101, 20, 7, 2, 0, '2020-09-21 11:08:17'),
(105, 'Responsable du Centre d''Etde et de Langue', 6, NULL, 24, 7, 2, 0, '2020-09-21 13:53:03'),
(106, 'Assistant au Responsable du Centre d''Etde et de Langue', 0, 105, 24, 7, 2, 0, '2020-09-21 13:53:03'),
(107, 'Chargé Pédagogie et Programmes', 0, NULL, NULL, 7, 2, 0, '2020-09-21 13:57:04'),
(108, 'Assistante administrative et fiscale', 0, NULL, NULL, 7, 2, 0, '2020-09-21 13:57:04');

-- --------------------------------------------------------

--
-- Table structure for table `suggestion`
--

CREATE TABLE IF NOT EXISTS `suggestion` (
  `IDENTIFIANT` int(10) NOT NULL AUTO_INCREMENT,
  `CODE` varchar(20) NOT NULL,
  `ANONYMAT` int(1) DEFAULT '0',
  `ID_AGENT` int(10) NOT NULL,
  `STATUT` datetime DEFAULT NULL,
  `TYPE` int(5) NOT NULL,
  `TITRE` text NOT NULL,
  `MESSAGE` text NOT NULL,
  `DATE_CREATION` datetime NOT NULL DEFAULT CURRENT_TIMESTAMP,
  PRIMARY KEY (`IDENTIFIANT`)
) ENGINE=MyISAM  DEFAULT CHARSET=latin1 AUTO_INCREMENT=4 ;

--
-- Dumping data for table `suggestion`
--

INSERT INTO `suggestion` (`IDENTIFIANT`, `CODE`, `ANONYMAT`, `ID_AGENT`, `STATUT`, `TYPE`, `TITRE`, `MESSAGE`, `DATE_CREATION`) VALUES
(1, '0727-2020-8-1', 0, 15, '2020-07-17 16:52:13', 8, 'test', 'test', '2020-07-17 14:45:05'),
(2, '0727-2020-8-2', 1, 15, '2020-07-17 16:52:06', 8, 'ok', 'texte', '2020-07-17 15:49:56'),
(3, '0727-2020-8-3', 0, 15, '2020-07-17 16:43:33', 3, 'Directeur de l''Administration et des Finances', 'Directeur de l''Administration et des FinancesDirecteur de l''Administration et des FinancesDirecteur de l''Administration et des FinancesDirecteur de l''Administration et des FinancesDirecteur de l''Administration et des Finances', '2020-07-17 15:50:29');

-- --------------------------------------------------------

--
-- Table structure for table `type_demande`
--

CREATE TABLE IF NOT EXISTS `type_demande` (
  `IDENTIFIANT` int(2) NOT NULL AUTO_INCREMENT,
  `LIBELLE` varchar(255) NOT NULL,
  `STATUT` int(1) NOT NULL DEFAULT '0',
  `DATE_CREATION` datetime NOT NULL DEFAULT CURRENT_TIMESTAMP,
  PRIMARY KEY (`IDENTIFIANT`)
) ENGINE=MyISAM  DEFAULT CHARSET=utf8 AUTO_INCREMENT=9 ;

--
-- Dumping data for table `type_demande`
--

INSERT INTO `type_demande` (`IDENTIFIANT`, `LIBELLE`, `STATUT`, `DATE_CREATION`) VALUES
(1, 'Absence Réglementaire', 0, '2020-02-19 11:10:17'),
(2, 'Absence Non Réglementaire', 0, '2020-02-19 11:10:17'),
(3, 'Congé', 0, '2020-02-19 11:10:17'),
(4, 'Acompte sur salaire', 0, '2020-02-19 11:10:17'),
(5, 'Avance sur salaire', 0, '2020-02-19 11:10:17'),
(6, 'Prêt', 0, '2020-02-19 11:10:17'),
(7, 'Mission', 0, '2020-06-22 09:55:28'),
(8, 'Absence Urgente', 0, '2021-05-07 10:52:07');

-- --------------------------------------------------------

--
-- Table structure for table `ville`
--

CREATE TABLE IF NOT EXISTS `ville` (
  `IDENTIFIANT` int(3) NOT NULL AUTO_INCREMENT,
  `LIBELLE` varchar(255) NOT NULL,
  `STATUT` int(1) NOT NULL DEFAULT '0',
  `DATE_CREATION` datetime NOT NULL DEFAULT CURRENT_TIMESTAMP,
  PRIMARY KEY (`IDENTIFIANT`)
) ENGINE=MyISAM  DEFAULT CHARSET=utf8 AUTO_INCREMENT=3 ;

--
-- Dumping data for table `ville`
--

INSERT INTO `ville` (`IDENTIFIANT`, `LIBELLE`, `STATUT`, `DATE_CREATION`) VALUES
(1, 'ABIDJAN', 0, '2020-07-08 17:02:00'),
(2, 'INTERIEUR', 0, '2020-07-08 17:02:00');

-- --------------------------------------------------------

--
-- Table structure for table `workflow`
--

CREATE TABLE IF NOT EXISTS `workflow` (
  `IDENTIFIANT` int(3) NOT NULL AUTO_INCREMENT,
  `LIBELLE` varchar(255) NOT NULL,
  `NIVEAU` int(1) NOT NULL,
  `ID_TYPE_DEMANDE` int(2) NOT NULL,
  `ID_SERVICE` int(3) NOT NULL,
  `STADE1` int(3) DEFAULT NULL,
  `STADE2` int(3) DEFAULT NULL,
  `STADE3` int(3) DEFAULT NULL,
  `STADE4` int(3) DEFAULT NULL,
  `STADE5` int(3) DEFAULT NULL,
  `STATUT` int(1) NOT NULL DEFAULT '0',
  `DATE_CREATION` datetime NOT NULL DEFAULT CURRENT_TIMESTAMP,
  PRIMARY KEY (`IDENTIFIANT`),
  KEY `FK_DEMANDE` (`ID_TYPE_DEMANDE`),
  KEY `FK_SERVICE` (`ID_SERVICE`)
) ENGINE=MyISAM  DEFAULT CHARSET=utf8 AUTO_INCREMENT=855 ;

--
-- Dumping data for table `workflow`
--

INSERT INTO `workflow` (`IDENTIFIANT`, `LIBELLE`, `NIVEAU`, `ID_TYPE_DEMANDE`, `ID_SERVICE`, `STADE1`, `STADE2`, `STADE3`, `STADE4`, `STADE5`, `STATUT`, `DATE_CREATION`) VALUES
(1, 'WORKFLOW ADJOINT AU CHEF DU SERVICE PED ABSENCE RéGLEMENTAIRE', 3, 1, 101, 93, 28, 3, NULL, NULL, 0, '2021-01-21 16:06:26'),
(2, 'WORKFLOW ADJOINT AU CHEF DU SERVICE PED ABSENCE NON RéGLEMENTAIRE', 3, 2, 101, 93, 28, 3, NULL, NULL, 0, '2021-01-21 16:06:26'),
(3, 'WORKFLOW ADJOINT AU CHEF DU SERVICE PED CONGé', 3, 3, 101, 93, 28, 3, NULL, NULL, 0, '2021-01-21 16:06:26'),
(4, 'WORKFLOW ADJOINT AU CHEF DU SERVICE PED ACCOMPTE SUR SALAIRE', 2, 4, 101, 3, 8, NULL, NULL, NULL, 0, '2021-01-21 16:06:26'),
(5, 'WORKFLOW ADJOINT AU CHEF DU SERVICE PED AVANCE SUR SALAIRE', 2, 5, 101, 3, 8, NULL, NULL, NULL, 0, '2021-01-21 16:06:26'),
(6, 'WORKFLOW ADJOINT AU CHEF DU SERVICE PED PRêT', 2, 6, 101, 3, 8, NULL, NULL, NULL, 0, '2021-01-21 16:06:26'),
(7, 'WORKFLOW ADJOINT AU CHEF DU SERVICE PED MISSION', 3, 7, 101, 93, 28, 3, NULL, NULL, 0, '2021-01-21 16:06:26'),
(8, 'WORKFLOW AGENT DéPARTEMENT MéDICO-SOCIAL ABSENCE RéGLEMENTAIRE', 2, 1, 51, 50, 3, NULL, NULL, NULL, 0, '2021-01-21 16:06:26'),
(9, 'WORKFLOW AGENT DéPARTEMENT MéDICO-SOCIAL ABSENCE NON RéGLEMENTAIRE', 2, 2, 51, 50, 3, NULL, NULL, NULL, 0, '2021-01-21 16:06:26'),
(10, 'WORKFLOW AGENT DéPARTEMENT MéDICO-SOCIAL CONGé', 2, 3, 51, 50, 3, NULL, NULL, NULL, 0, '2021-01-21 16:06:26'),
(11, 'WORKFLOW AGENT DéPARTEMENT MéDICO-SOCIAL ACCOMPTE SUR SALAIRE', 2, 4, 51, 3, 8, NULL, NULL, NULL, 0, '2021-01-21 16:06:26'),
(12, 'WORKFLOW AGENT DéPARTEMENT MéDICO-SOCIAL AVANCE SUR SALAIRE', 2, 5, 51, 3, 8, NULL, NULL, NULL, 0, '2021-01-21 16:06:26'),
(13, 'WORKFLOW AGENT DéPARTEMENT MéDICO-SOCIAL PRêT', 2, 6, 51, 3, 8, NULL, NULL, NULL, 0, '2021-01-21 16:06:26'),
(14, 'WORKFLOW AGENT DéPARTEMENT MéDICO-SOCIAL MISSION', 2, 7, 51, 50, 3, NULL, NULL, NULL, 0, '2021-01-21 16:06:26'),
(15, 'WORKFLOW AGENT DES MOYENS GENERAUX ABSENCE RéGLEMENTAIRE', 3, 1, 29, 24, 8, 3, NULL, NULL, 0, '2021-01-21 16:06:26'),
(16, 'WORKFLOW AGENT DES MOYENS GENERAUX ABSENCE NON RéGLEMENTAIRE', 3, 2, 29, 24, 8, 3, NULL, NULL, 0, '2021-01-21 16:06:26'),
(17, 'WORKFLOW AGENT DES MOYENS GENERAUX CONGé', 3, 3, 29, 24, 8, 3, NULL, NULL, 0, '2021-01-21 16:06:26'),
(18, 'WORKFLOW AGENT DES MOYENS GENERAUX ACCOMPTE SUR SALAIRE', 2, 4, 29, 3, 8, NULL, NULL, NULL, 0, '2021-01-21 16:06:26'),
(19, 'WORKFLOW AGENT DES MOYENS GENERAUX AVANCE SUR SALAIRE', 2, 5, 29, 3, 8, NULL, NULL, NULL, 0, '2021-01-21 16:06:26'),
(20, 'WORKFLOW AGENT DES MOYENS GENERAUX PRêT', 2, 6, 29, 3, 8, NULL, NULL, NULL, 0, '2021-01-21 16:06:26'),
(21, 'WORKFLOW AGENT DES MOYENS GENERAUX MISSION', 3, 7, 29, 24, 8, 3, NULL, NULL, 0, '2021-01-21 16:06:26'),
(22, 'WORKFLOW AGENT DU DéPARTEMENT ADMINISTRATION ET PAIE ABSENCE RéGLEMENTAIRE', 2, 1, 49, 48, 3, NULL, NULL, NULL, 0, '2021-01-21 16:06:26'),
(23, 'WORKFLOW AGENT DU DéPARTEMENT ADMINISTRATION ET PAIE ABSENCE NON RéGLEMENTAIRE', 2, 2, 49, 48, 3, NULL, NULL, NULL, 0, '2021-01-21 16:06:26'),
(24, 'WORKFLOW AGENT DU DéPARTEMENT ADMINISTRATION ET PAIE CONGé', 2, 3, 49, 48, 3, NULL, NULL, NULL, 0, '2021-01-21 16:06:26'),
(25, 'WORKFLOW AGENT DU DéPARTEMENT ADMINISTRATION ET PAIE ACCOMPTE SUR SALAIRE', 2, 4, 49, 3, 8, NULL, NULL, NULL, 0, '2021-01-21 16:06:26'),
(26, 'WORKFLOW AGENT DU DéPARTEMENT ADMINISTRATION ET PAIE AVANCE SUR SALAIRE', 2, 5, 49, 3, 8, NULL, NULL, NULL, 0, '2021-01-21 16:06:26'),
(27, 'WORKFLOW AGENT DU DéPARTEMENT ADMINISTRATION ET PAIE PRêT', 2, 6, 49, 3, 8, NULL, NULL, NULL, 0, '2021-01-21 16:06:26'),
(28, 'WORKFLOW AGENT DU DéPARTEMENT ADMINISTRATION ET PAIE MISSION', 2, 7, 49, 48, 3, NULL, NULL, NULL, 0, '2021-01-21 16:06:26'),
(29, 'WORKFLOW AGENT DU DéPARTEMENT ANIMATION ET PROMOTION DU SECTEUR PRIVé ABSENCE RéGLEMENTAIRE', 3, 1, 43, 42, 26, 3, NULL, NULL, 0, '2021-01-21 16:06:26'),
(30, 'WORKFLOW AGENT DU DéPARTEMENT ANIMATION ET PROMOTION DU SECTEUR PRIVé ABSENCE NON RéGLEMENTAIRE', 3, 2, 43, 42, 26, 3, NULL, NULL, 0, '2021-01-21 16:06:26'),
(31, 'WORKFLOW AGENT DU DéPARTEMENT ANIMATION ET PROMOTION DU SECTEUR PRIVé CONGé', 3, 3, 43, 42, 26, 3, NULL, NULL, 0, '2021-01-21 16:06:26'),
(32, 'WORKFLOW AGENT DU DéPARTEMENT ANIMATION ET PROMOTION DU SECTEUR PRIVé ACCOMPTE SUR SALAIRE', 2, 4, 43, 3, 8, NULL, NULL, NULL, 0, '2021-01-21 16:06:26'),
(33, 'WORKFLOW AGENT DU DéPARTEMENT ANIMATION ET PROMOTION DU SECTEUR PRIVé AVANCE SUR SALAIRE', 2, 5, 43, 3, 8, NULL, NULL, NULL, 0, '2021-01-21 16:06:26'),
(34, 'WORKFLOW AGENT DU DéPARTEMENT ANIMATION ET PROMOTION DU SECTEUR PRIVé PRêT', 2, 6, 43, 3, 8, NULL, NULL, NULL, 0, '2021-01-21 16:06:26'),
(35, 'WORKFLOW AGENT DU DéPARTEMENT ANIMATION ET PROMOTION DU SECTEUR PRIVé MISSION', 3, 7, 43, 42, 26, 3, NULL, NULL, 0, '2021-01-21 16:06:26'),
(36, 'WORKFLOW AGENT DU DéPARTEMENT APPUI ET CONSEIL AUX ENTREPRISES ABSENCE RéGLEMENTAIRE', 3, 1, 45, 44, 26, 3, NULL, NULL, 0, '2021-01-21 16:06:26'),
(37, 'WORKFLOW AGENT DU DéPARTEMENT APPUI ET CONSEIL AUX ENTREPRISES ABSENCE NON RéGLEMENTAIRE', 3, 2, 45, 44, 26, 3, NULL, NULL, 0, '2021-01-21 16:06:26'),
(38, 'WORKFLOW AGENT DU DéPARTEMENT APPUI ET CONSEIL AUX ENTREPRISES CONGé', 3, 3, 45, 44, 26, 3, NULL, NULL, 0, '2021-01-21 16:06:26'),
(39, 'WORKFLOW AGENT DU DéPARTEMENT APPUI ET CONSEIL AUX ENTREPRISES ACCOMPTE SUR SALAIRE', 2, 4, 45, 3, 8, NULL, NULL, NULL, 0, '2021-01-21 16:06:26'),
(40, 'WORKFLOW AGENT DU DéPARTEMENT APPUI ET CONSEIL AUX ENTREPRISES AVANCE SUR SALAIRE', 2, 5, 45, 3, 8, NULL, NULL, NULL, 0, '2021-01-21 16:06:26'),
(41, 'WORKFLOW AGENT DU DéPARTEMENT APPUI ET CONSEIL AUX ENTREPRISES PRêT', 2, 6, 45, 3, 8, NULL, NULL, NULL, 0, '2021-01-21 16:06:26'),
(42, 'WORKFLOW AGENT DU DéPARTEMENT APPUI ET CONSEIL AUX ENTREPRISES MISSION', 3, 7, 45, 44, 26, 3, NULL, NULL, 0, '2021-01-21 16:06:26'),
(43, 'WORKFLOW AGENT DU DéPARTEMENT CHARGé DES PROJETS ABSENCE RéGLEMENTAIRE', 3, 1, 47, 46, 26, 3, NULL, NULL, 0, '2021-01-21 16:06:26'),
(44, 'WORKFLOW AGENT DU DéPARTEMENT CHARGé DES PROJETS ABSENCE NON RéGLEMENTAIRE', 3, 2, 47, 46, 26, 3, NULL, NULL, 0, '2021-01-21 16:06:26'),
(45, 'WORKFLOW AGENT DU DéPARTEMENT CHARGé DES PROJETS CONGé', 3, 3, 47, 46, 26, 3, NULL, NULL, 0, '2021-01-21 16:06:26'),
(46, 'WORKFLOW AGENT DU DéPARTEMENT CHARGé DES PROJETS ACCOMPTE SUR SALAIRE', 2, 4, 47, 3, 8, NULL, NULL, NULL, 0, '2021-01-21 16:06:26'),
(47, 'WORKFLOW AGENT DU DéPARTEMENT CHARGé DES PROJETS AVANCE SUR SALAIRE', 2, 5, 47, 3, 8, NULL, NULL, NULL, 0, '2021-01-21 16:06:26'),
(48, 'WORKFLOW AGENT DU DéPARTEMENT CHARGé DES PROJETS PRêT', 2, 6, 47, 3, 8, NULL, NULL, NULL, 0, '2021-01-21 16:06:26'),
(49, 'WORKFLOW AGENT DU DéPARTEMENT CHARGé DES PROJETS MISSION', 3, 7, 47, 46, 26, 3, NULL, NULL, 0, '2021-01-21 16:06:26'),
(50, 'WORKFLOW AGENT DU DéPARTEMENT COMMUNICATION ABSENCE RéGLEMENTAIRE', 1, 1, 55, 3, NULL, NULL, NULL, NULL, 0, '2021-01-21 16:06:26'),
(51, 'WORKFLOW AGENT DU DéPARTEMENT COMMUNICATION ABSENCE NON RéGLEMENTAIRE', 1, 2, 55, 3, NULL, NULL, NULL, NULL, 0, '2021-01-21 16:06:26'),
(52, 'WORKFLOW AGENT DU DéPARTEMENT COMMUNICATION CONGé', 1, 3, 55, 3, NULL, NULL, NULL, NULL, 0, '2021-01-21 16:06:26'),
(53, 'WORKFLOW AGENT DU DéPARTEMENT COMMUNICATION ACCOMPTE SUR SALAIRE', 2, 4, 55, 3, 8, NULL, NULL, NULL, 0, '2021-01-21 16:06:26'),
(54, 'WORKFLOW AGENT DU DéPARTEMENT COMMUNICATION AVANCE SUR SALAIRE', 2, 5, 55, 3, 8, NULL, NULL, NULL, 0, '2021-01-21 16:06:26'),
(55, 'WORKFLOW AGENT DU DéPARTEMENT COMMUNICATION PRêT', 2, 6, 55, 3, 8, NULL, NULL, NULL, 0, '2021-01-21 16:06:26'),
(56, 'WORKFLOW AGENT DU DéPARTEMENT COMMUNICATION MISSION', 1, 7, 55, 3, NULL, NULL, NULL, NULL, 0, '2021-01-21 16:06:26'),
(57, 'WORKFLOW AGENT DU DéPARTEMENT DE L''INTELLIGENCE ÉCONOMIQUE ABSENCE RéGLEMENTAIRE', 3, 1, 60, 59, 27, 3, NULL, NULL, 0, '2021-01-21 16:06:26'),
(58, 'WORKFLOW AGENT DU DéPARTEMENT DE L''INTELLIGENCE ÉCONOMIQUE ABSENCE NON RéGLEMENTAIRE', 3, 2, 60, 59, 27, 3, NULL, NULL, 0, '2021-01-21 16:06:26'),
(59, 'WORKFLOW AGENT DU DéPARTEMENT DE L''INTELLIGENCE ÉCONOMIQUE CONGé', 3, 3, 60, 59, 27, 3, NULL, NULL, 0, '2021-01-21 16:06:26'),
(60, 'WORKFLOW AGENT DU DéPARTEMENT DE L''INTELLIGENCE ÉCONOMIQUE ACCOMPTE SUR SALAIRE', 2, 4, 60, 3, 8, NULL, NULL, NULL, 0, '2021-01-21 16:06:26'),
(61, 'WORKFLOW AGENT DU DéPARTEMENT DE L''INTELLIGENCE ÉCONOMIQUE AVANCE SUR SALAIRE', 2, 5, 60, 3, 8, NULL, NULL, NULL, 0, '2021-01-21 16:06:26'),
(62, 'WORKFLOW AGENT DU DéPARTEMENT DE L''INTELLIGENCE ÉCONOMIQUE PRêT', 2, 6, 60, 3, 8, NULL, NULL, NULL, 0, '2021-01-21 16:06:26'),
(63, 'WORKFLOW AGENT DU DéPARTEMENT DE L''INTELLIGENCE ÉCONOMIQUE MISSION', 3, 7, 60, 59, 27, 3, NULL, NULL, 0, '2021-01-21 16:06:26'),
(64, 'WORKFLOW AGENT DU DéPARTEMENT DE LA FORMATION PROFESSIONNELLE ET CONTINUE ABSENCE RéGLEMENTAIRE', 3, 1, 62, 61, 28, 3, NULL, NULL, 0, '2021-01-21 16:06:26'),
(65, 'WORKFLOW AGENT DU DéPARTEMENT DE LA FORMATION PROFESSIONNELLE ET CONTINUE ABSENCE NON RéGLEMENTAIRE', 3, 2, 62, 61, 28, 3, NULL, NULL, 0, '2021-01-21 16:06:26'),
(66, 'WORKFLOW AGENT DU DéPARTEMENT DE LA FORMATION PROFESSIONNELLE ET CONTINUE CONGé', 3, 3, 62, 61, 28, 3, NULL, NULL, 0, '2021-01-21 16:06:26'),
(67, 'WORKFLOW AGENT DU DéPARTEMENT DE LA FORMATION PROFESSIONNELLE ET CONTINUE ACCOMPTE SUR SALAIRE', 2, 4, 62, 3, 8, NULL, NULL, NULL, 0, '2021-01-21 16:06:26'),
(68, 'WORKFLOW AGENT DU DéPARTEMENT DE LA FORMATION PROFESSIONNELLE ET CONTINUE AVANCE SUR SALAIRE', 2, 5, 62, 3, 8, NULL, NULL, NULL, 0, '2021-01-21 16:06:26'),
(69, 'WORKFLOW AGENT DU DéPARTEMENT DE LA FORMATION PROFESSIONNELLE ET CONTINUE PRêT', 2, 6, 62, 3, 8, NULL, NULL, NULL, 0, '2021-01-21 16:06:26'),
(70, 'WORKFLOW AGENT DU DéPARTEMENT DE LA FORMATION PROFESSIONNELLE ET CONTINUE MISSION', 3, 7, 62, 61, 28, 3, NULL, NULL, 0, '2021-01-21 16:06:26'),
(71, 'WORKFLOW AGENT DU DéPARTEMENT DES SYSTèMES D''INFORMATION ABSENCE RéGLEMENTAIRE', 1, 1, 33, 3, NULL, NULL, NULL, NULL, 0, '2021-01-21 16:06:26'),
(72, 'WORKFLOW AGENT DU DéPARTEMENT DES SYSTèMES D''INFORMATION ABSENCE NON RéGLEMENTAIRE', 1, 2, 33, 3, NULL, NULL, NULL, NULL, 0, '2021-01-21 16:06:26'),
(73, 'WORKFLOW AGENT DU DéPARTEMENT DES SYSTèMES D''INFORMATION CONGé', 1, 3, 33, 3, NULL, NULL, NULL, NULL, 0, '2021-01-21 16:06:26'),
(74, 'WORKFLOW AGENT DU DéPARTEMENT DES SYSTèMES D''INFORMATION ACCOMPTE SUR SALAIRE', 2, 4, 33, 3, 8, NULL, NULL, NULL, 0, '2021-01-21 16:06:26'),
(75, 'WORKFLOW AGENT DU DéPARTEMENT DES SYSTèMES D''INFORMATION AVANCE SUR SALAIRE', 2, 5, 33, 3, 8, NULL, NULL, NULL, 0, '2021-01-21 16:06:26'),
(76, 'WORKFLOW AGENT DU DéPARTEMENT DES SYSTèMES D''INFORMATION PRêT', 2, 6, 33, 3, 8, NULL, NULL, NULL, 0, '2021-01-21 16:06:26'),
(77, 'WORKFLOW AGENT DU DéPARTEMENT DES SYSTèMES D''INFORMATION MISSION', 1, 7, 33, 3, NULL, NULL, NULL, NULL, 0, '2021-01-21 16:06:26'),
(78, 'WORKFLOW AGENT DU DéPARTEMENT TRéSORERIE ABSENCE RéGLEMENTAIRE', 3, 1, 31, 30, 8, 3, NULL, NULL, 0, '2021-01-21 16:06:26'),
(79, 'WORKFLOW AGENT DU DéPARTEMENT TRéSORERIE ABSENCE NON RéGLEMENTAIRE', 3, 2, 31, 30, 8, 3, NULL, NULL, 0, '2021-01-21 16:06:26'),
(80, 'WORKFLOW AGENT DU DéPARTEMENT TRéSORERIE CONGé', 3, 3, 31, 30, 8, 3, NULL, NULL, 0, '2021-01-21 16:06:26'),
(81, 'WORKFLOW AGENT DU DéPARTEMENT TRéSORERIE ACCOMPTE SUR SALAIRE', 2, 4, 31, 3, 8, NULL, NULL, NULL, 0, '2021-01-21 16:06:26'),
(82, 'WORKFLOW AGENT DU DéPARTEMENT TRéSORERIE AVANCE SUR SALAIRE', 2, 5, 31, 3, 8, NULL, NULL, NULL, 0, '2021-01-21 16:06:26'),
(83, 'WORKFLOW AGENT DU DéPARTEMENT TRéSORERIE PRêT', 2, 6, 31, 3, 8, NULL, NULL, NULL, 0, '2021-01-21 16:06:26'),
(84, 'WORKFLOW AGENT DU DéPARTEMENT TRéSORERIE MISSION', 3, 7, 31, 30, 8, 3, NULL, NULL, 0, '2021-01-21 16:06:26'),
(85, 'WORKFLOW AGENT DU SERVICE ADMINISTRATIF DE BOUAKé ABSENCE RéGLEMENTAIRE', 4, 1, 68, 67, 2, 7, 3, NULL, 0, '2021-01-21 16:06:26'),
(86, 'WORKFLOW AGENT DU SERVICE ADMINISTRATIF DE BOUAKé ABSENCE NON RéGLEMENTAIRE', 4, 2, 68, 67, 2, 7, 3, NULL, 0, '2021-01-21 16:06:26'),
(87, 'WORKFLOW AGENT DU SERVICE ADMINISTRATIF DE BOUAKé CONGé', 4, 3, 68, 67, 2, 7, 3, NULL, 0, '2021-01-21 16:06:26'),
(88, 'WORKFLOW AGENT DU SERVICE ADMINISTRATIF DE BOUAKé ACCOMPTE SUR SALAIRE', 2, 4, 68, 3, 8, NULL, NULL, NULL, 0, '2021-01-21 16:06:26'),
(89, 'WORKFLOW AGENT DU SERVICE ADMINISTRATIF DE BOUAKé AVANCE SUR SALAIRE', 2, 5, 68, 3, 8, NULL, NULL, NULL, 0, '2021-01-21 16:06:26'),
(90, 'WORKFLOW AGENT DU SERVICE ADMINISTRATIF DE BOUAKé PRêT', 2, 6, 68, 3, 8, NULL, NULL, NULL, 0, '2021-01-21 16:06:26'),
(91, 'WORKFLOW AGENT DU SERVICE ADMINISTRATIF DE BOUAKé MISSION', 4, 7, 68, 67, 2, 7, 3, NULL, 0, '2021-01-21 16:06:26'),
(92, 'WORKFLOW AGENT DU SERVICE ADMINISTRATIF DE SAN-PEDRO ABSENCE RéGLEMENTAIRE', 4, 1, 1, 11, 2, 7, 3, NULL, 0, '2021-01-21 16:06:26'),
(93, 'WORKFLOW AGENT DU SERVICE ADMINISTRATIF DE SAN-PEDRO ABSENCE NON RéGLEMENTAIRE', 4, 2, 1, 11, 2, 7, 3, NULL, 0, '2021-01-21 16:06:26'),
(94, 'WORKFLOW AGENT DU SERVICE ADMINISTRATIF DE SAN-PEDRO CONGé', 4, 3, 1, 11, 2, 7, 3, NULL, 0, '2021-01-21 16:06:26'),
(95, 'WORKFLOW AGENT DU SERVICE ADMINISTRATIF DE SAN-PEDRO ACCOMPTE SUR SALAIRE', 2, 4, 1, 3, 8, NULL, NULL, NULL, 0, '2021-01-21 16:06:26'),
(96, 'WORKFLOW AGENT DU SERVICE ADMINISTRATIF DE SAN-PEDRO AVANCE SUR SALAIRE', 2, 5, 1, 3, 8, NULL, NULL, NULL, 0, '2021-01-21 16:06:26'),
(97, 'WORKFLOW AGENT DU SERVICE ADMINISTRATIF DE SAN-PEDRO PRêT', 2, 6, 1, 3, 8, NULL, NULL, NULL, 0, '2021-01-21 16:06:26'),
(98, 'WORKFLOW AGENT DU SERVICE ADMINISTRATIF DE SAN-PEDRO MISSION', 4, 7, 1, 11, 2, 7, 3, NULL, 0, '2021-01-21 16:06:26'),
(99, 'WORKFLOW AGENT DU SERVICE ADMISSION ET SCOLARITé ABSENCE RéGLEMENTAIRE', 3, 1, 97, 94, 28, 3, NULL, NULL, 0, '2021-01-21 16:06:26'),
(100, 'WORKFLOW AGENT DU SERVICE ADMISSION ET SCOLARITé ABSENCE NON RéGLEMENTAIRE', 3, 2, 97, 94, 28, 3, NULL, NULL, 0, '2021-01-21 16:06:26'),
(101, 'WORKFLOW AGENT DU SERVICE ADMISSION ET SCOLARITé CONGé', 3, 3, 97, 94, 28, 3, NULL, NULL, 0, '2021-01-21 16:06:26'),
(102, 'WORKFLOW AGENT DU SERVICE ADMISSION ET SCOLARITé ACCOMPTE SUR SALAIRE', 2, 4, 97, 3, 8, NULL, NULL, NULL, 0, '2021-01-21 16:06:26'),
(103, 'WORKFLOW AGENT DU SERVICE ADMISSION ET SCOLARITé AVANCE SUR SALAIRE', 2, 5, 97, 3, 8, NULL, NULL, NULL, 0, '2021-01-21 16:06:26'),
(104, 'WORKFLOW AGENT DU SERVICE ADMISSION ET SCOLARITé PRêT', 2, 6, 97, 3, 8, NULL, NULL, NULL, 0, '2021-01-21 16:06:26'),
(105, 'WORKFLOW AGENT DU SERVICE ADMISSION ET SCOLARITé MISSION', 3, 7, 97, 94, 28, 3, NULL, NULL, 0, '2021-01-21 16:06:26'),
(106, 'WORKFLOW AGENT DU SERVICE COMPTABILITé GéNéRALE ABSENCE RéGLEMENTAIRE', 4, 1, 40, 39, 37, 8, 3, NULL, 0, '2021-01-21 16:06:26'),
(107, 'WORKFLOW AGENT DU SERVICE COMPTABILITé GéNéRALE ABSENCE NON RéGLEMENTAIRE', 4, 2, 40, 39, 37, 8, 3, NULL, 0, '2021-01-21 16:06:26'),
(108, 'WORKFLOW AGENT DU SERVICE COMPTABILITé GéNéRALE CONGé', 4, 3, 40, 39, 37, 8, 3, NULL, 0, '2021-01-21 16:06:26'),
(109, 'WORKFLOW AGENT DU SERVICE COMPTABILITé GéNéRALE ACCOMPTE SUR SALAIRE', 2, 4, 40, 3, 8, NULL, NULL, NULL, 0, '2021-01-21 16:06:26'),
(110, 'WORKFLOW AGENT DU SERVICE COMPTABILITé GéNéRALE AVANCE SUR SALAIRE', 2, 5, 40, 3, 8, NULL, NULL, NULL, 0, '2021-01-21 16:06:26'),
(111, 'WORKFLOW AGENT DU SERVICE COMPTABILITé GéNéRALE PRêT', 2, 6, 40, 3, 8, NULL, NULL, NULL, 0, '2021-01-21 16:06:26'),
(112, 'WORKFLOW AGENT DU SERVICE COMPTABILITé GéNéRALE MISSION', 4, 7, 40, 39, 37, 8, 3, NULL, 0, '2021-01-21 16:06:26'),
(113, 'WORKFLOW AGENT DU SERVICE COURRIER ABSENCE RéGLEMENTAIRE', 2, 1, 58, 14, 3, NULL, NULL, NULL, 0, '2021-01-21 16:06:26'),
(114, 'WORKFLOW AGENT DU SERVICE COURRIER ABSENCE NON RéGLEMENTAIRE', 2, 2, 58, 14, 3, NULL, NULL, NULL, 0, '2021-01-21 16:06:26'),
(115, 'WORKFLOW AGENT DU SERVICE COURRIER CONGé', 2, 3, 58, 14, 3, NULL, NULL, NULL, 0, '2021-01-21 16:06:26'),
(116, 'WORKFLOW AGENT DU SERVICE COURRIER ACCOMPTE SUR SALAIRE', 2, 4, 58, 3, 8, NULL, NULL, NULL, 0, '2021-01-21 16:06:26'),
(117, 'WORKFLOW AGENT DU SERVICE COURRIER AVANCE SUR SALAIRE', 2, 5, 58, 3, 8, NULL, NULL, NULL, 0, '2021-01-21 16:06:26'),
(118, 'WORKFLOW AGENT DU SERVICE COURRIER PRêT', 2, 6, 58, 3, 8, NULL, NULL, NULL, 0, '2021-01-21 16:06:26'),
(119, 'WORKFLOW AGENT DU SERVICE COURRIER MISSION', 2, 7, 58, 14, 3, NULL, NULL, NULL, 0, '2021-01-21 16:06:26'),
(120, 'WORKFLOW AGENT DU SERVICE EXPLOTATION ET RECEVABILITé ABSENCE RéGLEMENTAIRE', 4, 1, 69, 65, 64, 7, 3, NULL, 0, '2021-01-21 16:06:26'),
(121, 'WORKFLOW AGENT DU SERVICE EXPLOTATION ET RECEVABILITé ABSENCE NON RéGLEMENTAIRE', 4, 2, 69, 65, 64, 7, 3, NULL, 0, '2021-01-21 16:06:26'),
(122, 'WORKFLOW AGENT DU SERVICE EXPLOTATION ET RECEVABILITé CONGé', 4, 3, 69, 65, 64, 7, 3, NULL, 0, '2021-01-21 16:06:26'),
(123, 'WORKFLOW AGENT DU SERVICE EXPLOTATION ET RECEVABILITé ACCOMPTE SUR SALAIRE', 2, 4, 69, 3, 8, NULL, NULL, NULL, 0, '2021-01-21 16:06:26'),
(124, 'WORKFLOW AGENT DU SERVICE EXPLOTATION ET RECEVABILITé AVANCE SUR SALAIRE', 2, 5, 69, 3, 8, NULL, NULL, NULL, 0, '2021-01-21 16:06:26'),
(125, 'WORKFLOW AGENT DU SERVICE EXPLOTATION ET RECEVABILITé PRêT', 2, 6, 69, 3, 8, NULL, NULL, NULL, 0, '2021-01-21 16:06:26'),
(126, 'WORKFLOW AGENT DU SERVICE EXPLOTATION ET RECEVABILITé MISSION', 4, 7, 69, 65, 64, 7, 3, NULL, 0, '2021-01-21 16:06:26'),
(127, 'WORKFLOW AGENT DU SERVICE GéOLOCALISATION ABSENCE RéGLEMENTAIRE', 4, 1, 70, 66, 64, 7, 3, NULL, 0, '2021-01-21 16:06:26'),
(128, 'WORKFLOW AGENT DU SERVICE GéOLOCALISATION ABSENCE NON RéGLEMENTAIRE', 4, 2, 70, 66, 64, 7, 3, NULL, 0, '2021-01-21 16:06:26'),
(129, 'WORKFLOW AGENT DU SERVICE GéOLOCALISATION CONGé', 4, 3, 70, 66, 64, 7, 3, NULL, 0, '2021-01-21 16:06:26'),
(130, 'WORKFLOW AGENT DU SERVICE GéOLOCALISATION ACCOMPTE SUR SALAIRE', 2, 4, 70, 3, 8, NULL, NULL, NULL, 0, '2021-01-21 16:06:26'),
(131, 'WORKFLOW AGENT DU SERVICE GéOLOCALISATION AVANCE SUR SALAIRE', 2, 5, 70, 3, 8, NULL, NULL, NULL, 0, '2021-01-21 16:06:26'),
(132, 'WORKFLOW AGENT DU SERVICE GéOLOCALISATION PRêT', 2, 6, 70, 3, 8, NULL, NULL, NULL, 0, '2021-01-21 16:06:26'),
(133, 'WORKFLOW AGENT DU SERVICE GéOLOCALISATION MISSION', 4, 7, 70, 66, 64, 7, 3, NULL, 0, '2021-01-21 16:06:26'),
(134, 'WORKFLOW AGENT DU SERVICE JURIDIQUE ET FISCAL ABSENCE RéGLEMENTAIRE', 4, 1, 36, 35, 34, 8, 3, NULL, 0, '2021-01-21 16:06:26'),
(135, 'WORKFLOW AGENT DU SERVICE JURIDIQUE ET FISCAL ABSENCE NON RéGLEMENTAIRE', 4, 2, 36, 35, 34, 8, 3, NULL, 0, '2021-01-21 16:06:26'),
(136, 'WORKFLOW AGENT DU SERVICE JURIDIQUE ET FISCAL CONGé', 4, 3, 36, 35, 34, 8, 3, NULL, 0, '2021-01-21 16:06:26'),
(137, 'WORKFLOW AGENT DU SERVICE JURIDIQUE ET FISCAL ACCOMPTE SUR SALAIRE', 2, 4, 36, 3, 8, NULL, NULL, NULL, 0, '2021-01-21 16:06:26'),
(138, 'WORKFLOW AGENT DU SERVICE JURIDIQUE ET FISCAL AVANCE SUR SALAIRE', 2, 5, 36, 3, 8, NULL, NULL, NULL, 0, '2021-01-21 16:06:26'),
(139, 'WORKFLOW AGENT DU SERVICE JURIDIQUE ET FISCAL PRêT', 2, 6, 36, 3, 8, NULL, NULL, NULL, 0, '2021-01-21 16:06:26'),
(140, 'WORKFLOW AGENT DU SERVICE JURIDIQUE ET FISCAL MISSION', 4, 7, 36, 35, 34, 8, 3, NULL, 0, '2021-01-21 16:06:26'),
(141, 'WORKFLOW AGENT DU SERVICE PED ABSENCE RéGLEMENTAIRE', 3, 1, 99, 93, 28, 3, NULL, NULL, 0, '2021-01-21 16:06:26'),
(142, 'WORKFLOW AGENT DU SERVICE PED ABSENCE NON RéGLEMENTAIRE', 3, 2, 99, 93, 28, 3, NULL, NULL, 0, '2021-01-21 16:06:26'),
(143, 'WORKFLOW AGENT DU SERVICE PED CONGé', 3, 3, 99, 93, 28, 3, NULL, NULL, 0, '2021-01-21 16:06:26'),
(144, 'WORKFLOW AGENT DU SERVICE PED ACCOMPTE SUR SALAIRE', 2, 4, 99, 3, 8, NULL, NULL, NULL, 0, '2021-01-21 16:06:26'),
(145, 'WORKFLOW AGENT DU SERVICE PED AVANCE SUR SALAIRE', 2, 5, 99, 3, 8, NULL, NULL, NULL, 0, '2021-01-21 16:06:26'),
(146, 'WORKFLOW AGENT DU SERVICE PED PRêT', 2, 6, 99, 3, 8, NULL, NULL, NULL, 0, '2021-01-21 16:06:26'),
(147, 'WORKFLOW AGENT DU SERVICE PED MISSION', 3, 7, 99, 93, 28, 3, NULL, NULL, 0, '2021-01-21 16:06:26'),
(148, 'WORKFLOW AGENT DU SERVICE PESAGE GéNéRAL ABSENCE RéGLEMENTAIRE', 4, 1, 5, 4, 2, 7, 3, NULL, 0, '2021-01-21 16:06:26'),
(149, 'WORKFLOW AGENT DU SERVICE PESAGE GéNéRAL ABSENCE NON RéGLEMENTAIRE', 4, 2, 5, 4, 2, 7, 3, NULL, 0, '2021-01-21 16:06:26'),
(150, 'WORKFLOW AGENT DU SERVICE PESAGE GéNéRAL CONGé', 4, 3, 5, 4, 2, 7, 3, NULL, 0, '2021-01-21 16:06:26'),
(151, 'WORKFLOW AGENT DU SERVICE PESAGE GéNéRAL ACCOMPTE SUR SALAIRE', 2, 4, 5, 3, 8, NULL, NULL, NULL, 0, '2021-01-21 16:06:26'),
(152, 'WORKFLOW AGENT DU SERVICE PESAGE GéNéRAL AVANCE SUR SALAIRE', 2, 5, 5, 3, 8, NULL, NULL, NULL, 0, '2021-01-21 16:06:26'),
(153, 'WORKFLOW AGENT DU SERVICE PESAGE GéNéRAL PRêT', 2, 6, 5, 3, 8, NULL, NULL, NULL, 0, '2021-01-21 16:06:26'),
(154, 'WORKFLOW AGENT DU SERVICE PESAGE GéNéRAL MISSION', 4, 7, 5, 4, 2, 7, 3, NULL, 0, '2021-01-21 16:06:26'),
(155, 'WORKFLOW AGENT DU SERVICE PNSF ABSENCE RéGLEMENTAIRE', 4, 1, 12, 10, 9, 7, 3, NULL, 0, '2021-01-21 16:06:26'),
(156, 'WORKFLOW AGENT DU SERVICE PNSF ABSENCE NON RéGLEMENTAIRE', 4, 2, 12, 10, 9, 7, 3, NULL, 0, '2021-01-21 16:06:26'),
(157, 'WORKFLOW AGENT DU SERVICE PNSF CONGé', 4, 3, 12, 10, 9, 7, 3, NULL, 0, '2021-01-21 16:06:26'),
(158, 'WORKFLOW AGENT DU SERVICE PNSF ACCOMPTE SUR SALAIRE', 2, 4, 12, 3, 8, NULL, NULL, NULL, 0, '2021-01-21 16:06:26'),
(159, 'WORKFLOW AGENT DU SERVICE PNSF AVANCE SUR SALAIRE', 2, 5, 12, 3, 8, NULL, NULL, NULL, 0, '2021-01-21 16:06:26'),
(160, 'WORKFLOW AGENT DU SERVICE PNSF PRêT', 2, 6, 12, 3, 8, NULL, NULL, NULL, 0, '2021-01-21 16:06:26'),
(161, 'WORKFLOW AGENT DU SERVICE PNSF MISSION', 4, 7, 12, 10, 9, 7, 3, NULL, 0, '2021-01-21 16:06:26'),
(162, 'WORKFLOW AGENT DU SERVICE SECRéTARIAT GéNéRAL ABSENCE RéGLEMENTAIRE', 2, 1, 57, 14, 3, NULL, NULL, NULL, 0, '2021-01-21 16:06:26'),
(163, 'WORKFLOW AGENT DU SERVICE SECRéTARIAT GéNéRAL ABSENCE NON RéGLEMENTAIRE', 2, 2, 57, 14, 3, NULL, NULL, NULL, 0, '2021-01-21 16:06:26'),
(164, 'WORKFLOW AGENT DU SERVICE SECRéTARIAT GéNéRAL CONGé', 2, 3, 57, 14, 3, NULL, NULL, NULL, 0, '2021-01-21 16:06:26'),
(165, 'WORKFLOW AGENT DU SERVICE SECRéTARIAT GéNéRAL ACCOMPTE SUR SALAIRE', 2, 4, 57, 3, 8, NULL, NULL, NULL, 0, '2021-01-21 16:06:26'),
(166, 'WORKFLOW AGENT DU SERVICE SECRéTARIAT GéNéRAL AVANCE SUR SALAIRE', 2, 5, 57, 3, 8, NULL, NULL, NULL, 0, '2021-01-21 16:06:26'),
(167, 'WORKFLOW AGENT DU SERVICE SECRéTARIAT GéNéRAL PRêT', 2, 6, 57, 3, 8, NULL, NULL, NULL, 0, '2021-01-21 16:06:26'),
(168, 'WORKFLOW AGENT DU SERVICE SECRéTARIAT GéNéRAL MISSION', 2, 7, 57, 14, 3, NULL, NULL, NULL, 0, '2021-01-21 16:06:26'),
(169, 'WORKFLOW ASSISTANCE à LA  DAF ABSENCE RéGLEMENTAIRE', 2, 1, 23, 8, 3, NULL, NULL, NULL, 0, '2021-01-21 16:06:26'),
(170, 'WORKFLOW ASSISTANCE à LA  DAF ABSENCE NON RéGLEMENTAIRE', 2, 2, 23, 8, 3, NULL, NULL, NULL, 0, '2021-01-21 16:06:26'),
(171, 'WORKFLOW ASSISTANCE à LA  DAF CONGé', 2, 3, 23, 8, 3, NULL, NULL, NULL, 0, '2021-01-21 16:06:26'),
(172, 'WORKFLOW ASSISTANCE à LA  DAF ACCOMPTE SUR SALAIRE', 2, 4, 23, 3, 8, NULL, NULL, NULL, 0, '2021-01-21 16:06:26'),
(173, 'WORKFLOW ASSISTANCE à LA  DAF AVANCE SUR SALAIRE', 2, 5, 23, 3, 8, NULL, NULL, NULL, 0, '2021-01-21 16:06:26'),
(174, 'WORKFLOW ASSISTANCE à LA  DAF PRêT', 2, 6, 23, 3, 8, NULL, NULL, NULL, 0, '2021-01-21 16:06:26'),
(175, 'WORKFLOW ASSISTANCE à LA  DAF MISSION', 2, 7, 23, 8, 3, NULL, NULL, NULL, 0, '2021-01-21 16:06:26'),
(176, 'WORKFLOW ASSISTANCE DE DIRECTION CACI ABSENCE RéGLEMENTAIRE', 2, 1, 19, 25, 3, NULL, NULL, NULL, 0, '2021-01-21 16:06:26'),
(177, 'WORKFLOW ASSISTANCE DE DIRECTION CACI ABSENCE NON RéGLEMENTAIRE', 2, 2, 19, 25, 3, NULL, NULL, NULL, 0, '2021-01-21 16:06:26'),
(178, 'WORKFLOW ASSISTANCE DE DIRECTION CACI CONGé', 2, 3, 19, 25, 3, NULL, NULL, NULL, 0, '2021-01-21 16:06:26'),
(179, 'WORKFLOW ASSISTANCE DE DIRECTION CACI ACCOMPTE SUR SALAIRE', 2, 4, 19, 3, 8, NULL, NULL, NULL, 0, '2021-01-21 16:06:26'),
(180, 'WORKFLOW ASSISTANCE DE DIRECTION CACI AVANCE SUR SALAIRE', 2, 5, 19, 3, 8, NULL, NULL, NULL, 0, '2021-01-21 16:06:26'),
(181, 'WORKFLOW ASSISTANCE DE DIRECTION CACI PRêT', 2, 6, 19, 3, 8, NULL, NULL, NULL, 0, '2021-01-21 16:06:26'),
(182, 'WORKFLOW ASSISTANCE DE DIRECTION CACI MISSION', 2, 7, 19, 25, 3, NULL, NULL, NULL, 0, '2021-01-21 16:06:26'),
(183, 'WORKFLOW ASSISTANCE DE DIRECTION DE LA PRéSIDENCE ABSENCE RéGLEMENTAIRE', 2, 1, 16, 15, 3, NULL, NULL, NULL, 0, '2021-01-21 16:06:26'),
(184, 'WORKFLOW ASSISTANCE DE DIRECTION DE LA PRéSIDENCE ABSENCE NON RéGLEMENTAIRE', 2, 2, 16, 15, 3, NULL, NULL, NULL, 0, '2021-01-21 16:06:26'),
(185, 'WORKFLOW ASSISTANCE DE DIRECTION DE LA PRéSIDENCE CONGé', 2, 3, 16, 15, 3, NULL, NULL, NULL, 0, '2021-01-21 16:06:26'),
(186, 'WORKFLOW ASSISTANCE DE DIRECTION DE LA PRéSIDENCE ACCOMPTE SUR SALAIRE', 2, 4, 16, 3, 8, NULL, NULL, NULL, 0, '2021-01-21 16:06:26'),
(187, 'WORKFLOW ASSISTANCE DE DIRECTION DE LA PRéSIDENCE AVANCE SUR SALAIRE', 2, 5, 16, 3, 8, NULL, NULL, NULL, 0, '2021-01-21 16:06:26'),
(188, 'WORKFLOW ASSISTANCE DE DIRECTION DE LA PRéSIDENCE PRêT', 2, 6, 16, 3, 8, NULL, NULL, NULL, 0, '2021-01-21 16:06:26'),
(189, 'WORKFLOW ASSISTANCE DE DIRECTION DE LA PRéSIDENCE MISSION', 2, 7, 16, 15, 3, NULL, NULL, NULL, 0, '2021-01-21 16:06:26'),
(190, 'WORKFLOW ASSISTANCE JURIDIQUE ET ADMINISTRATIVE ABSENCE RéGLEMENTAIRE', 2, 1, 20, 25, 3, NULL, NULL, NULL, 0, '2021-01-21 16:06:26'),
(191, 'WORKFLOW ASSISTANCE JURIDIQUE ET ADMINISTRATIVE ABSENCE NON RéGLEMENTAIRE', 2, 2, 20, 25, 3, NULL, NULL, NULL, 0, '2021-01-21 16:06:26'),
(192, 'WORKFLOW ASSISTANCE JURIDIQUE ET ADMINISTRATIVE CONGé', 2, 3, 20, 25, 3, NULL, NULL, NULL, 0, '2021-01-21 16:06:26'),
(193, 'WORKFLOW ASSISTANCE JURIDIQUE ET ADMINISTRATIVE ACCOMPTE SUR SALAIRE', 2, 4, 20, 3, 8, NULL, NULL, NULL, 0, '2021-01-21 16:06:26'),
(194, 'WORKFLOW ASSISTANCE JURIDIQUE ET ADMINISTRATIVE AVANCE SUR SALAIRE', 2, 5, 20, 3, 8, NULL, NULL, NULL, 0, '2021-01-21 16:06:26'),
(195, 'WORKFLOW ASSISTANCE JURIDIQUE ET ADMINISTRATIVE PRêT', 2, 6, 20, 3, 8, NULL, NULL, NULL, 0, '2021-01-21 16:06:26'),
(196, 'WORKFLOW ASSISTANCE JURIDIQUE ET ADMINISTRATIVE MISSION', 2, 7, 20, 25, 3, NULL, NULL, NULL, 0, '2021-01-21 16:06:26'),
(197, 'WORKFLOW ASSISTANCE RESSOURCES HUMAINES ABSENCE RéGLEMENTAIRE', 1, 1, 53, 3, NULL, NULL, NULL, NULL, 0, '2021-01-21 16:06:26'),
(198, 'WORKFLOW ASSISTANCE RESSOURCES HUMAINES ABSENCE NON RéGLEMENTAIRE', 1, 2, 53, 3, NULL, NULL, NULL, NULL, 0, '2021-01-21 16:06:26'),
(199, 'WORKFLOW ASSISTANCE RESSOURCES HUMAINES CONGé', 1, 3, 53, 3, NULL, NULL, NULL, NULL, 0, '2021-01-21 16:06:26'),
(200, 'WORKFLOW ASSISTANCE RESSOURCES HUMAINES ACCOMPTE SUR SALAIRE', 2, 4, 53, 3, 8, NULL, NULL, NULL, 0, '2021-01-21 16:06:26'),
(201, 'WORKFLOW ASSISTANCE RESSOURCES HUMAINES AVANCE SUR SALAIRE', 2, 5, 53, 3, 8, NULL, NULL, NULL, 0, '2021-01-21 16:06:26'),
(202, 'WORKFLOW ASSISTANCE RESSOURCES HUMAINES PRêT', 2, 6, 53, 3, 8, NULL, NULL, NULL, 0, '2021-01-21 16:06:26'),
(203, 'WORKFLOW ASSISTANCE RESSOURCES HUMAINES MISSION', 1, 7, 53, 3, NULL, NULL, NULL, NULL, 0, '2021-01-21 16:06:26'),
(204, 'WORKFLOW ASSISTANT AU RESPONSABLE DU CENTRE D''ETDE ET DE LANGUE ABSENCE RéGLEMENTAIRE', 3, 1, 106, 105, 28, 3, NULL, NULL, 0, '2021-01-21 16:06:26'),
(205, 'WORKFLOW ASSISTANT AU RESPONSABLE DU CENTRE D''ETDE ET DE LANGUE ABSENCE NON RéGLEMENTAIRE', 3, 2, 106, 105, 28, 3, NULL, NULL, 0, '2021-01-21 16:06:26'),
(206, 'WORKFLOW ASSISTANT AU RESPONSABLE DU CENTRE D''ETDE ET DE LANGUE CONGé', 3, 3, 106, 105, 28, 3, NULL, NULL, 0, '2021-01-21 16:06:26'),
(207, 'WORKFLOW ASSISTANT AU RESPONSABLE DU CENTRE D''ETDE ET DE LANGUE ACCOMPTE SUR SALAIRE', 2, 4, 106, 3, 8, NULL, NULL, NULL, 0, '2021-01-21 16:06:26'),
(208, 'WORKFLOW ASSISTANT AU RESPONSABLE DU CENTRE D''ETDE ET DE LANGUE AVANCE SUR SALAIRE', 2, 5, 106, 3, 8, NULL, NULL, NULL, 0, '2021-01-21 16:06:26'),
(209, 'WORKFLOW ASSISTANT AU RESPONSABLE DU CENTRE D''ETDE ET DE LANGUE PRêT', 2, 6, 106, 3, 8, NULL, NULL, NULL, 0, '2021-01-21 16:06:26'),
(210, 'WORKFLOW ASSISTANT AU RESPONSABLE DU CENTRE D''ETDE ET DE LANGUE MISSION', 3, 7, 106, 105, 28, 3, NULL, NULL, 0, '2021-01-21 16:06:26'),
(211, 'WORKFLOW ASSISTANT AU SERVICE PED ABSENCE RéGLEMENTAIRE', 4, 1, 103, 101, 93, 28, 3, NULL, 0, '2021-01-21 16:06:26'),
(212, 'WORKFLOW ASSISTANT AU SERVICE PED ABSENCE NON RéGLEMENTAIRE', 4, 2, 103, 101, 93, 28, 3, NULL, 0, '2021-01-21 16:06:26'),
(213, 'WORKFLOW ASSISTANT AU SERVICE PED CONGé', 4, 3, 103, 101, 93, 28, 3, NULL, 0, '2021-01-21 16:06:26'),
(214, 'WORKFLOW ASSISTANT AU SERVICE PED ACCOMPTE SUR SALAIRE', 2, 4, 103, 3, 8, NULL, NULL, NULL, 0, '2021-01-21 16:06:26'),
(215, 'WORKFLOW ASSISTANT AU SERVICE PED AVANCE SUR SALAIRE', 2, 5, 103, 3, 8, NULL, NULL, NULL, 0, '2021-01-21 16:06:26'),
(216, 'WORKFLOW ASSISTANT AU SERVICE PED PRêT', 2, 6, 103, 3, 8, NULL, NULL, NULL, 0, '2021-01-21 16:06:26'),
(217, 'WORKFLOW ASSISTANT AU SERVICE PED MISSION', 4, 7, 103, 101, 93, 28, 3, NULL, 0, '2021-01-21 16:06:26'),
(218, 'WORKFLOW ASSISTANT INFORMATICIEN ABSENCE RéGLEMENTAIRE', 2, 1, 95, 28, 3, NULL, NULL, NULL, 0, '2021-01-21 16:06:26'),
(219, 'WORKFLOW ASSISTANT INFORMATICIEN ABSENCE NON RéGLEMENTAIRE', 2, 2, 95, 28, 3, NULL, NULL, NULL, 0, '2021-01-21 16:06:26'),
(220, 'WORKFLOW ASSISTANT INFORMATICIEN CONGé', 2, 3, 95, 28, 3, NULL, NULL, NULL, 0, '2021-01-21 16:06:26'),
(221, 'WORKFLOW ASSISTANT INFORMATICIEN ACCOMPTE SUR SALAIRE', 2, 4, 95, 3, 8, NULL, NULL, NULL, 0, '2021-01-21 16:06:26'),
(222, 'WORKFLOW ASSISTANT INFORMATICIEN AVANCE SUR SALAIRE', 2, 5, 95, 3, 8, NULL, NULL, NULL, 0, '2021-01-21 16:06:26'),
(223, 'WORKFLOW ASSISTANT INFORMATICIEN PRêT', 2, 6, 95, 3, 8, NULL, NULL, NULL, 0, '2021-01-21 16:06:26'),
(224, 'WORKFLOW ASSISTANT INFORMATICIEN MISSION', 2, 7, 95, 28, 3, NULL, NULL, NULL, 0, '2021-01-21 16:06:26'),
(225, 'WORKFLOW ASSISTANTE ADMINISTRATIVE ET FISCALE ABSENCE RéGLEMENTAIRE', 2, 1, 108, 28, 3, NULL, NULL, NULL, 0, '2021-01-21 16:06:26'),
(226, 'WORKFLOW ASSISTANTE ADMINISTRATIVE ET FISCALE ABSENCE NON RéGLEMENTAIRE', 2, 2, 108, 28, 3, NULL, NULL, NULL, 0, '2021-01-21 16:06:26'),
(227, 'WORKFLOW ASSISTANTE ADMINISTRATIVE ET FISCALE CONGé', 2, 3, 108, 28, 3, NULL, NULL, NULL, 0, '2021-01-21 16:06:26'),
(228, 'WORKFLOW ASSISTANTE ADMINISTRATIVE ET FISCALE ACCOMPTE SUR SALAIRE', 2, 4, 108, 3, 8, NULL, NULL, NULL, 0, '2021-01-21 16:06:26'),
(229, 'WORKFLOW ASSISTANTE ADMINISTRATIVE ET FISCALE AVANCE SUR SALAIRE', 2, 5, 108, 3, 8, NULL, NULL, NULL, 0, '2021-01-21 16:06:26'),
(230, 'WORKFLOW ASSISTANTE ADMINISTRATIVE ET FISCALE PRêT', 2, 6, 108, 3, 8, NULL, NULL, NULL, 0, '2021-01-21 16:06:26'),
(231, 'WORKFLOW ASSISTANTE ADMINISTRATIVE ET FISCALE MISSION', 2, 7, 108, 28, 3, NULL, NULL, NULL, 0, '2021-01-21 16:06:26'),
(232, 'WORKFLOW ASSISTANTE DE DIRECTION à LA DIRECTRICE DE LA FORMATION ABSENCE RéGLEMENTAIRE', 2, 1, 91, 28, 3, NULL, NULL, NULL, 0, '2021-01-21 16:06:26'),
(233, 'WORKFLOW ASSISTANTE DE DIRECTION à LA DIRECTRICE DE LA FORMATION ABSENCE NON RéGLEMENTAIRE', 2, 2, 91, 28, 3, NULL, NULL, NULL, 0, '2021-01-21 16:06:26'),
(234, 'WORKFLOW ASSISTANTE DE DIRECTION à LA DIRECTRICE DE LA FORMATION CONGé', 2, 3, 91, 28, 3, NULL, NULL, NULL, 0, '2021-01-21 16:06:26'),
(235, 'WORKFLOW ASSISTANTE DE DIRECTION à LA DIRECTRICE DE LA FORMATION ACCOMPTE SUR SALAIRE', 2, 4, 91, 3, 8, NULL, NULL, NULL, 0, '2021-01-21 16:06:26'),
(236, 'WORKFLOW ASSISTANTE DE DIRECTION à LA DIRECTRICE DE LA FORMATION AVANCE SUR SALAIRE', 2, 5, 91, 3, 8, NULL, NULL, NULL, 0, '2021-01-21 16:06:26'),
(237, 'WORKFLOW ASSISTANTE DE DIRECTION à LA DIRECTRICE DE LA FORMATION PRêT', 2, 6, 91, 3, 8, NULL, NULL, NULL, 0, '2021-01-21 16:06:26'),
(238, 'WORKFLOW ASSISTANTE DE DIRECTION à LA DIRECTRICE DE LA FORMATION MISSION', 2, 7, 91, 28, 3, NULL, NULL, NULL, 0, '2021-01-21 16:06:26'),
(239, 'WORKFLOW ASSISTANTE DE DIRECTION DU SERVICE PED ABSENCE RéGLEMENTAIRE', 3, 1, 98, 93, 28, 3, NULL, NULL, 0, '2021-01-21 16:06:26'),
(240, 'WORKFLOW ASSISTANTE DE DIRECTION DU SERVICE PED ABSENCE NON RéGLEMENTAIRE', 3, 2, 98, 93, 28, 3, NULL, NULL, 0, '2021-01-21 16:06:26'),
(241, 'WORKFLOW ASSISTANTE DE DIRECTION DU SERVICE PED CONGé', 3, 3, 98, 93, 28, 3, NULL, NULL, 0, '2021-01-21 16:06:26'),
(242, 'WORKFLOW ASSISTANTE DE DIRECTION DU SERVICE PED ACCOMPTE SUR SALAIRE', 2, 4, 98, 3, 8, NULL, NULL, NULL, 0, '2021-01-21 16:06:26'),
(243, 'WORKFLOW ASSISTANTE DE DIRECTION DU SERVICE PED AVANCE SUR SALAIRE', 2, 5, 98, 3, 8, NULL, NULL, NULL, 0, '2021-01-21 16:06:26'),
(244, 'WORKFLOW ASSISTANTE DE DIRECTION DU SERVICE PED PRêT', 2, 6, 98, 3, 8, NULL, NULL, NULL, 0, '2021-01-21 16:06:26'),
(245, 'WORKFLOW ASSISTANTE DE DIRECTION DU SERVICE PED MISSION', 3, 7, 98, 93, 28, 3, NULL, NULL, 0, '2021-01-21 16:06:26'),
(246, 'WORKFLOW CAT ABENGOUROU ABSENCE RéGLEMENTAIRE', 3, 1, 73, 72, 27, 3, NULL, NULL, 0, '2021-01-21 16:06:26'),
(247, 'WORKFLOW CAT ABENGOUROU ABSENCE NON RéGLEMENTAIRE', 3, 2, 73, 72, 27, 3, NULL, NULL, 0, '2021-01-21 16:06:26'),
(248, 'WORKFLOW CAT ABENGOUROU CONGé', 3, 3, 73, 72, 27, 3, NULL, NULL, 0, '2021-01-21 16:06:26'),
(249, 'WORKFLOW CAT ABENGOUROU ACCOMPTE SUR SALAIRE', 2, 4, 73, 3, 8, NULL, NULL, NULL, 0, '2021-01-21 16:06:26'),
(250, 'WORKFLOW CAT ABENGOUROU AVANCE SUR SALAIRE', 2, 5, 73, 3, 8, NULL, NULL, NULL, 0, '2021-01-21 16:06:26'),
(251, 'WORKFLOW CAT ABENGOUROU PRêT', 2, 6, 73, 3, 8, NULL, NULL, NULL, 0, '2021-01-21 16:06:26'),
(252, 'WORKFLOW CAT ABENGOUROU MISSION', 3, 7, 73, 72, 27, 3, NULL, NULL, 0, '2021-01-21 16:06:26'),
(253, 'WORKFLOW CAT ABOISSO ABSENCE RéGLEMENTAIRE', 3, 1, 74, 72, 27, 3, NULL, NULL, 0, '2021-01-21 16:06:26'),
(254, 'WORKFLOW CAT ABOISSO ABSENCE NON RéGLEMENTAIRE', 3, 2, 74, 72, 27, 3, NULL, NULL, 0, '2021-01-21 16:06:26'),
(255, 'WORKFLOW CAT ABOISSO CONGé', 3, 3, 74, 72, 27, 3, NULL, NULL, 0, '2021-01-21 16:06:26'),
(256, 'WORKFLOW CAT ABOISSO ACCOMPTE SUR SALAIRE', 2, 4, 74, 3, 8, NULL, NULL, NULL, 0, '2021-01-21 16:06:26'),
(257, 'WORKFLOW CAT ABOISSO AVANCE SUR SALAIRE', 2, 5, 74, 3, 8, NULL, NULL, NULL, 0, '2021-01-21 16:06:26'),
(258, 'WORKFLOW CAT ABOISSO PRêT', 2, 6, 74, 3, 8, NULL, NULL, NULL, 0, '2021-01-21 16:06:26'),
(259, 'WORKFLOW CAT ABOISSO MISSION', 3, 7, 74, 72, 27, 3, NULL, NULL, 0, '2021-01-21 16:06:26'),
(260, 'WORKFLOW CAT BONDOUKOU ABSENCE RéGLEMENTAIRE', 3, 1, 75, 72, 27, 3, NULL, NULL, 0, '2021-01-21 16:06:26'),
(261, 'WORKFLOW CAT BONDOUKOU ABSENCE NON RéGLEMENTAIRE', 3, 2, 75, 72, 27, 3, NULL, NULL, 0, '2021-01-21 16:06:26'),
(262, 'WORKFLOW CAT BONDOUKOU CONGé', 3, 3, 75, 72, 27, 3, NULL, NULL, 0, '2021-01-21 16:06:26'),
(263, 'WORKFLOW CAT BONDOUKOU ACCOMPTE SUR SALAIRE', 2, 4, 75, 3, 8, NULL, NULL, NULL, 0, '2021-01-21 16:06:26'),
(264, 'WORKFLOW CAT BONDOUKOU AVANCE SUR SALAIRE', 2, 5, 75, 3, 8, NULL, NULL, NULL, 0, '2021-01-21 16:06:26'),
(265, 'WORKFLOW CAT BONDOUKOU PRêT', 2, 6, 75, 3, 8, NULL, NULL, NULL, 0, '2021-01-21 16:06:26'),
(266, 'WORKFLOW CAT BONDOUKOU MISSION', 3, 7, 75, 72, 27, 3, NULL, NULL, 0, '2021-01-21 16:06:26'),
(267, 'WORKFLOW CAT BOUAFLE ABSENCE RéGLEMENTAIRE', 3, 1, 76, 72, 27, 3, NULL, NULL, 0, '2021-01-21 16:06:26'),
(268, 'WORKFLOW CAT BOUAFLE ABSENCE NON RéGLEMENTAIRE', 3, 2, 76, 72, 27, 3, NULL, NULL, 0, '2021-01-21 16:06:26'),
(269, 'WORKFLOW CAT BOUAFLE CONGé', 3, 3, 76, 72, 27, 3, NULL, NULL, 0, '2021-01-21 16:06:26'),
(270, 'WORKFLOW CAT BOUAFLE ACCOMPTE SUR SALAIRE', 2, 4, 76, 3, 8, NULL, NULL, NULL, 0, '2021-01-21 16:06:26'),
(271, 'WORKFLOW CAT BOUAFLE AVANCE SUR SALAIRE', 2, 5, 76, 3, 8, NULL, NULL, NULL, 0, '2021-01-21 16:06:26'),
(272, 'WORKFLOW CAT BOUAFLE PRêT', 2, 6, 76, 3, 8, NULL, NULL, NULL, 0, '2021-01-21 16:06:26'),
(273, 'WORKFLOW CAT BOUAFLE MISSION', 3, 7, 76, 72, 27, 3, NULL, NULL, 0, '2021-01-21 16:06:26'),
(274, 'WORKFLOW CAT BOUAKE ABSENCE RéGLEMENTAIRE', 3, 1, 77, 72, 27, 3, NULL, NULL, 0, '2021-01-21 16:06:26'),
(275, 'WORKFLOW CAT BOUAKE ABSENCE NON RéGLEMENTAIRE', 3, 2, 77, 72, 27, 3, NULL, NULL, 0, '2021-01-21 16:06:26'),
(276, 'WORKFLOW CAT BOUAKE CONGé', 3, 3, 77, 72, 27, 3, NULL, NULL, 0, '2021-01-21 16:06:26'),
(277, 'WORKFLOW CAT BOUAKE ACCOMPTE SUR SALAIRE', 2, 4, 77, 3, 8, NULL, NULL, NULL, 0, '2021-01-21 16:06:26'),
(278, 'WORKFLOW CAT BOUAKE AVANCE SUR SALAIRE', 2, 5, 77, 3, 8, NULL, NULL, NULL, 0, '2021-01-21 16:06:26'),
(279, 'WORKFLOW CAT BOUAKE PRêT', 2, 6, 77, 3, 8, NULL, NULL, NULL, 0, '2021-01-21 16:06:26'),
(280, 'WORKFLOW CAT BOUAKE MISSION', 3, 7, 77, 72, 27, 3, NULL, NULL, 0, '2021-01-21 16:06:26'),
(281, 'WORKFLOW CAT BOUAKE BIS ABSENCE RéGLEMENTAIRE', 4, 1, 78, 77, 72, 27, 3, NULL, 0, '2021-01-21 16:06:26'),
(282, 'WORKFLOW CAT BOUAKE BIS ABSENCE NON RéGLEMENTAIRE', 4, 2, 78, 77, 72, 27, 3, NULL, 0, '2021-01-21 16:06:26'),
(283, 'WORKFLOW CAT BOUAKE BIS CONGé', 4, 3, 78, 77, 72, 27, 3, NULL, 0, '2021-01-21 16:06:26'),
(284, 'WORKFLOW CAT BOUAKE BIS ACCOMPTE SUR SALAIRE', 2, 4, 78, 3, 8, NULL, NULL, NULL, 0, '2021-01-21 16:06:26'),
(285, 'WORKFLOW CAT BOUAKE BIS AVANCE SUR SALAIRE', 2, 5, 78, 3, 8, NULL, NULL, NULL, 0, '2021-01-21 16:06:26'),
(286, 'WORKFLOW CAT BOUAKE BIS PRêT', 2, 6, 78, 3, 8, NULL, NULL, NULL, 0, '2021-01-21 16:06:26'),
(287, 'WORKFLOW CAT BOUAKE BIS MISSION', 4, 7, 78, 77, 72, 27, 3, NULL, 0, '2021-01-21 16:06:26'),
(288, 'WORKFLOW CAT DALOA ABSENCE RéGLEMENTAIRE', 3, 1, 79, 72, 27, 3, NULL, NULL, 0, '2021-01-21 16:06:26'),
(289, 'WORKFLOW CAT DALOA ABSENCE NON RéGLEMENTAIRE', 3, 2, 79, 72, 27, 3, NULL, NULL, 0, '2021-01-21 16:06:26'),
(290, 'WORKFLOW CAT DALOA CONGé', 3, 3, 79, 72, 27, 3, NULL, NULL, 0, '2021-01-21 16:06:26'),
(291, 'WORKFLOW CAT DALOA ACCOMPTE SUR SALAIRE', 2, 4, 79, 3, 8, NULL, NULL, NULL, 0, '2021-01-21 16:06:26'),
(292, 'WORKFLOW CAT DALOA AVANCE SUR SALAIRE', 2, 5, 79, 3, 8, NULL, NULL, NULL, 0, '2021-01-21 16:06:26'),
(293, 'WORKFLOW CAT DALOA PRêT', 2, 6, 79, 3, 8, NULL, NULL, NULL, 0, '2021-01-21 16:06:26'),
(294, 'WORKFLOW CAT DALOA MISSION', 3, 7, 79, 72, 27, 3, NULL, NULL, 0, '2021-01-21 16:06:26'),
(295, 'WORKFLOW CAT DIMBOKRO ABSENCE RéGLEMENTAIRE', 3, 1, 80, 72, 27, 3, NULL, NULL, 0, '2021-01-21 16:06:26'),
(296, 'WORKFLOW CAT DIMBOKRO ABSENCE NON RéGLEMENTAIRE', 3, 2, 80, 72, 27, 3, NULL, NULL, 0, '2021-01-21 16:06:26'),
(297, 'WORKFLOW CAT DIMBOKRO CONGé', 3, 3, 80, 72, 27, 3, NULL, NULL, 0, '2021-01-21 16:06:26'),
(298, 'WORKFLOW CAT DIMBOKRO ACCOMPTE SUR SALAIRE', 2, 4, 80, 3, 8, NULL, NULL, NULL, 0, '2021-01-21 16:06:26'),
(299, 'WORKFLOW CAT DIMBOKRO AVANCE SUR SALAIRE', 2, 5, 80, 3, 8, NULL, NULL, NULL, 0, '2021-01-21 16:06:26'),
(300, 'WORKFLOW CAT DIMBOKRO PRêT', 2, 6, 80, 3, 8, NULL, NULL, NULL, 0, '2021-01-21 16:06:26'),
(301, 'WORKFLOW CAT DIMBOKRO MISSION', 3, 7, 80, 72, 27, 3, NULL, NULL, 0, '2021-01-21 16:06:26'),
(302, 'WORKFLOW CAT DIVO ABSENCE RéGLEMENTAIRE', 3, 1, 81, 72, 27, 3, NULL, NULL, 0, '2021-01-21 16:06:26'),
(303, 'WORKFLOW CAT DIVO ABSENCE NON RéGLEMENTAIRE', 3, 2, 81, 72, 27, 3, NULL, NULL, 0, '2021-01-21 16:06:26'),
(304, 'WORKFLOW CAT DIVO CONGé', 3, 3, 81, 72, 27, 3, NULL, NULL, 0, '2021-01-21 16:06:26'),
(305, 'WORKFLOW CAT DIVO ACCOMPTE SUR SALAIRE', 2, 4, 81, 3, 8, NULL, NULL, NULL, 0, '2021-01-21 16:06:26'),
(306, 'WORKFLOW CAT DIVO AVANCE SUR SALAIRE', 2, 5, 81, 3, 8, NULL, NULL, NULL, 0, '2021-01-21 16:06:26'),
(307, 'WORKFLOW CAT DIVO PRêT', 2, 6, 81, 3, 8, NULL, NULL, NULL, 0, '2021-01-21 16:06:26'),
(308, 'WORKFLOW CAT DIVO MISSION', 3, 7, 81, 72, 27, 3, NULL, NULL, 0, '2021-01-21 16:06:26'),
(309, 'WORKFLOW CAT DUEKOUE ABSENCE RéGLEMENTAIRE', 3, 1, 82, 72, 27, 3, NULL, NULL, 0, '2021-01-21 16:06:26'),
(310, 'WORKFLOW CAT DUEKOUE ABSENCE NON RéGLEMENTAIRE', 3, 2, 82, 72, 27, 3, NULL, NULL, 0, '2021-01-21 16:06:26'),
(311, 'WORKFLOW CAT DUEKOUE CONGé', 3, 3, 82, 72, 27, 3, NULL, NULL, 0, '2021-01-21 16:06:26'),
(312, 'WORKFLOW CAT DUEKOUE ACCOMPTE SUR SALAIRE', 2, 4, 82, 3, 8, NULL, NULL, NULL, 0, '2021-01-21 16:06:26'),
(313, 'WORKFLOW CAT DUEKOUE AVANCE SUR SALAIRE', 2, 5, 82, 3, 8, NULL, NULL, NULL, 0, '2021-01-21 16:06:26'),
(314, 'WORKFLOW CAT DUEKOUE PRêT', 2, 6, 82, 3, 8, NULL, NULL, NULL, 0, '2021-01-21 16:06:26'),
(315, 'WORKFLOW CAT DUEKOUE MISSION', 3, 7, 82, 72, 27, 3, NULL, NULL, 0, '2021-01-21 16:06:26'),
(316, 'WORKFLOW CAT GAGNOA ABSENCE RéGLEMENTAIRE', 3, 1, 83, 72, 27, 3, NULL, NULL, 0, '2021-01-21 16:06:26'),
(317, 'WORKFLOW CAT GAGNOA ABSENCE NON RéGLEMENTAIRE', 3, 2, 83, 72, 27, 3, NULL, NULL, 0, '2021-01-21 16:06:26'),
(318, 'WORKFLOW CAT GAGNOA CONGé', 3, 3, 83, 72, 27, 3, NULL, NULL, 0, '2021-01-21 16:06:26'),
(319, 'WORKFLOW CAT GAGNOA ACCOMPTE SUR SALAIRE', 2, 4, 83, 3, 8, NULL, NULL, NULL, 0, '2021-01-21 16:06:26'),
(320, 'WORKFLOW CAT GAGNOA AVANCE SUR SALAIRE', 2, 5, 83, 3, 8, NULL, NULL, NULL, 0, '2021-01-21 16:06:26'),
(321, 'WORKFLOW CAT GAGNOA PRêT', 2, 6, 83, 3, 8, NULL, NULL, NULL, 0, '2021-01-21 16:06:26'),
(322, 'WORKFLOW CAT GAGNOA MISSION', 3, 7, 83, 72, 27, 3, NULL, NULL, 0, '2021-01-21 16:06:26'),
(323, 'WORKFLOW CAT KORHOGO ABSENCE RéGLEMENTAIRE', 3, 1, 84, 72, 27, 3, NULL, NULL, 0, '2021-01-21 16:06:26'),
(324, 'WORKFLOW CAT KORHOGO ABSENCE NON RéGLEMENTAIRE', 3, 2, 84, 72, 27, 3, NULL, NULL, 0, '2021-01-21 16:06:26'),
(325, 'WORKFLOW CAT KORHOGO CONGé', 3, 3, 84, 72, 27, 3, NULL, NULL, 0, '2021-01-21 16:06:26'),
(326, 'WORKFLOW CAT KORHOGO ACCOMPTE SUR SALAIRE', 2, 4, 84, 3, 8, NULL, NULL, NULL, 0, '2021-01-21 16:06:26'),
(327, 'WORKFLOW CAT KORHOGO AVANCE SUR SALAIRE', 2, 5, 84, 3, 8, NULL, NULL, NULL, 0, '2021-01-21 16:06:26'),
(328, 'WORKFLOW CAT KORHOGO PRêT', 2, 6, 84, 3, 8, NULL, NULL, NULL, 0, '2021-01-21 16:06:26'),
(329, 'WORKFLOW CAT KORHOGO MISSION', 3, 7, 84, 72, 27, 3, NULL, NULL, 0, '2021-01-21 16:06:26'),
(330, 'WORKFLOW CAT MAN ABSENCE RéGLEMENTAIRE', 3, 1, 88, 72, 27, 3, NULL, NULL, 0, '2021-01-21 16:06:26'),
(331, 'WORKFLOW CAT MAN ABSENCE NON RéGLEMENTAIRE', 3, 2, 88, 72, 27, 3, NULL, NULL, 0, '2021-01-21 16:06:26'),
(332, 'WORKFLOW CAT MAN CONGé', 3, 3, 88, 72, 27, 3, NULL, NULL, 0, '2021-01-21 16:06:26'),
(333, 'WORKFLOW CAT MAN ACCOMPTE SUR SALAIRE', 2, 4, 88, 3, 8, NULL, NULL, NULL, 0, '2021-01-21 16:06:26'),
(334, 'WORKFLOW CAT MAN AVANCE SUR SALAIRE', 2, 5, 88, 3, 8, NULL, NULL, NULL, 0, '2021-01-21 16:06:26'),
(335, 'WORKFLOW CAT MAN PRêT', 2, 6, 88, 3, 8, NULL, NULL, NULL, 0, '2021-01-21 16:06:26'),
(336, 'WORKFLOW CAT MAN MISSION', 3, 7, 88, 72, 27, 3, NULL, NULL, 0, '2021-01-21 16:06:26'),
(337, 'WORKFLOW CAT ODIENNE ABSENCE RéGLEMENTAIRE', 3, 1, 85, 72, 27, 3, NULL, NULL, 0, '2021-01-21 16:06:26'),
(338, 'WORKFLOW CAT ODIENNE ABSENCE NON RéGLEMENTAIRE', 3, 2, 85, 72, 27, 3, NULL, NULL, 0, '2021-01-21 16:06:26'),
(339, 'WORKFLOW CAT ODIENNE CONGé', 3, 3, 85, 72, 27, 3, NULL, NULL, 0, '2021-01-21 16:06:26'),
(340, 'WORKFLOW CAT ODIENNE ACCOMPTE SUR SALAIRE', 2, 4, 85, 3, 8, NULL, NULL, NULL, 0, '2021-01-21 16:06:26'),
(341, 'WORKFLOW CAT ODIENNE AVANCE SUR SALAIRE', 2, 5, 85, 3, 8, NULL, NULL, NULL, 0, '2021-01-21 16:06:26'),
(342, 'WORKFLOW CAT ODIENNE PRêT', 2, 6, 85, 3, 8, NULL, NULL, NULL, 0, '2021-01-21 16:06:26'),
(343, 'WORKFLOW CAT ODIENNE MISSION', 3, 7, 85, 72, 27, 3, NULL, NULL, 0, '2021-01-21 16:06:26'),
(344, 'WORKFLOW CAT SAN-PEDRO ABSENCE RéGLEMENTAIRE', 3, 1, 86, 72, 27, 3, NULL, NULL, 0, '2021-01-21 16:06:26'),
(345, 'WORKFLOW CAT SAN-PEDRO ABSENCE NON RéGLEMENTAIRE', 3, 2, 86, 72, 27, 3, NULL, NULL, 0, '2021-01-21 16:06:26'),
(346, 'WORKFLOW CAT SAN-PEDRO CONGé', 3, 3, 86, 72, 27, 3, NULL, NULL, 0, '2021-01-21 16:06:26'),
(347, 'WORKFLOW CAT SAN-PEDRO ACCOMPTE SUR SALAIRE', 2, 4, 86, 3, 8, NULL, NULL, NULL, 0, '2021-01-21 16:06:26'),
(348, 'WORKFLOW CAT SAN-PEDRO AVANCE SUR SALAIRE', 2, 5, 86, 3, 8, NULL, NULL, NULL, 0, '2021-01-21 16:06:26'),
(349, 'WORKFLOW CAT SAN-PEDRO PRêT', 2, 6, 86, 3, 8, NULL, NULL, NULL, 0, '2021-01-21 16:06:26'),
(350, 'WORKFLOW CAT SAN-PEDRO MISSION', 3, 7, 86, 72, 27, 3, NULL, NULL, 0, '2021-01-21 16:06:26'),
(351, 'WORKFLOW CAT SEGUELA ABSENCE RéGLEMENTAIRE', 3, 1, 87, 72, 27, 3, NULL, NULL, 0, '2021-01-21 16:06:26'),
(352, 'WORKFLOW CAT SEGUELA ABSENCE NON RéGLEMENTAIRE', 3, 2, 87, 72, 27, 3, NULL, NULL, 0, '2021-01-21 16:06:26'),
(353, 'WORKFLOW CAT SEGUELA CONGé', 3, 3, 87, 72, 27, 3, NULL, NULL, 0, '2021-01-21 16:06:26'),
(354, 'WORKFLOW CAT SEGUELA ACCOMPTE SUR SALAIRE', 2, 4, 87, 3, 8, NULL, NULL, NULL, 0, '2021-01-21 16:06:26'),
(355, 'WORKFLOW CAT SEGUELA AVANCE SUR SALAIRE', 2, 5, 87, 3, 8, NULL, NULL, NULL, 0, '2021-01-21 16:06:26'),
(356, 'WORKFLOW CAT SEGUELA PRêT', 2, 6, 87, 3, 8, NULL, NULL, NULL, 0, '2021-01-21 16:06:26'),
(357, 'WORKFLOW CAT SEGUELA MISSION', 3, 7, 87, 72, 27, 3, NULL, NULL, 0, '2021-01-21 16:06:26'),
(358, 'WORKFLOW CAT TOUBA ABSENCE RéGLEMENTAIRE', 3, 1, 89, 72, 27, 3, NULL, NULL, 0, '2021-01-21 16:06:26'),
(359, 'WORKFLOW CAT TOUBA ABSENCE NON RéGLEMENTAIRE', 3, 2, 89, 72, 27, 3, NULL, NULL, 0, '2021-01-21 16:06:26'),
(360, 'WORKFLOW CAT TOUBA CONGé', 3, 3, 89, 72, 27, 3, NULL, NULL, 0, '2021-01-21 16:06:26'),
(361, 'WORKFLOW CAT TOUBA ACCOMPTE SUR SALAIRE', 2, 4, 89, 3, 8, NULL, NULL, NULL, 0, '2021-01-21 16:06:26'),
(362, 'WORKFLOW CAT TOUBA AVANCE SUR SALAIRE', 2, 5, 89, 3, 8, NULL, NULL, NULL, 0, '2021-01-21 16:06:26'),
(363, 'WORKFLOW CAT TOUBA PRêT', 2, 6, 89, 3, 8, NULL, NULL, NULL, 0, '2021-01-21 16:06:26'),
(364, 'WORKFLOW CAT TOUBA MISSION', 3, 7, 89, 72, 27, 3, NULL, NULL, 0, '2021-01-21 16:06:26'),
(365, 'WORKFLOW CAT YAMOUSSOUKRO ABSENCE RéGLEMENTAIRE', 3, 1, 90, 72, 27, 3, NULL, NULL, 0, '2021-01-21 16:06:26'),
(366, 'WORKFLOW CAT YAMOUSSOUKRO ABSENCE NON RéGLEMENTAIRE', 3, 2, 90, 72, 27, 3, NULL, NULL, 0, '2021-01-21 16:06:26'),
(367, 'WORKFLOW CAT YAMOUSSOUKRO CONGé', 3, 3, 90, 72, 27, 3, NULL, NULL, 0, '2021-01-21 16:06:26'),
(368, 'WORKFLOW CAT YAMOUSSOUKRO ACCOMPTE SUR SALAIRE', 2, 4, 90, 3, 8, NULL, NULL, NULL, 0, '2021-01-21 16:06:26'),
(369, 'WORKFLOW CAT YAMOUSSOUKRO AVANCE SUR SALAIRE', 2, 5, 90, 3, 8, NULL, NULL, NULL, 0, '2021-01-21 16:06:26'),
(370, 'WORKFLOW CAT YAMOUSSOUKRO PRêT', 2, 6, 90, 3, 8, NULL, NULL, NULL, 0, '2021-01-21 16:06:26'),
(371, 'WORKFLOW CAT YAMOUSSOUKRO MISSION', 3, 7, 90, 72, 27, 3, NULL, NULL, 0, '2021-01-21 16:06:26'),
(372, 'WORKFLOW CHARGé PéDAGOGIE ET PROGRAMMES ABSENCE RéGLEMENTAIRE', 2, 1, 107, 28, 3, NULL, NULL, NULL, 0, '2021-01-21 16:06:26'),
(373, 'WORKFLOW CHARGé PéDAGOGIE ET PROGRAMMES ABSENCE NON RéGLEMENTAIRE', 2, 2, 107, 28, 3, NULL, NULL, NULL, 0, '2021-01-21 16:06:26'),
(374, 'WORKFLOW CHARGé PéDAGOGIE ET PROGRAMMES CONGé', 2, 3, 107, 28, 3, NULL, NULL, NULL, 0, '2021-01-21 16:06:26'),
(375, 'WORKFLOW CHARGé PéDAGOGIE ET PROGRAMMES ACCOMPTE SUR SALAIRE', 2, 4, 107, 3, 8, NULL, NULL, NULL, 0, '2021-01-21 16:06:26'),
(376, 'WORKFLOW CHARGé PéDAGOGIE ET PROGRAMMES AVANCE SUR SALAIRE', 2, 5, 107, 3, 8, NULL, NULL, NULL, 0, '2021-01-21 16:06:26'),
(377, 'WORKFLOW CHARGé PéDAGOGIE ET PROGRAMMES PRêT', 2, 6, 107, 3, 8, NULL, NULL, NULL, 0, '2021-01-21 16:06:26'),
(378, 'WORKFLOW CHARGé PéDAGOGIE ET PROGRAMMES MISSION', 2, 7, 107, 28, 3, NULL, NULL, NULL, 0, '2021-01-21 16:06:26'),
(379, 'WORKFLOW CHAUFFEUR DE LA PRéSIDENCE ABSENCE RéGLEMENTAIRE', 2, 1, 18, 15, 3, NULL, NULL, NULL, 0, '2021-01-21 16:06:26'),
(380, 'WORKFLOW CHAUFFEUR DE LA PRéSIDENCE ABSENCE NON RéGLEMENTAIRE', 2, 2, 18, 15, 3, NULL, NULL, NULL, 0, '2021-01-21 16:06:26'),
(381, 'WORKFLOW CHAUFFEUR DE LA PRéSIDENCE CONGé', 2, 3, 18, 15, 3, NULL, NULL, NULL, 0, '2021-01-21 16:06:26'),
(382, 'WORKFLOW CHAUFFEUR DE LA PRéSIDENCE ACCOMPTE SUR SALAIRE', 2, 4, 18, 3, 8, NULL, NULL, NULL, 0, '2021-01-21 16:06:26'),
(383, 'WORKFLOW CHAUFFEUR DE LA PRéSIDENCE AVANCE SUR SALAIRE', 2, 5, 18, 3, 8, NULL, NULL, NULL, 0, '2021-01-21 16:06:26'),
(384, 'WORKFLOW CHAUFFEUR DE LA PRéSIDENCE PRêT', 2, 6, 18, 3, 8, NULL, NULL, NULL, 0, '2021-01-21 16:06:26'),
(385, 'WORKFLOW CHAUFFEUR DE LA PRéSIDENCE MISSION', 2, 7, 18, 15, 3, NULL, NULL, NULL, 0, '2021-01-21 16:06:26'),
(386, 'WORKFLOW CHEF  DU DéPARTEMENT DES MOYENS GéNéRAUX ET DU PATRIMOINE ABSENCE RéGLEMENTAIRE', 3, 1, 24, 8, 3, 14, NULL, NULL, 0, '2021-01-21 16:06:26'),
(387, 'WORKFLOW CHEF  DU DéPARTEMENT DES MOYENS GéNéRAUX ET DU PATRIMOINE ABSENCE NON RéGLEMENTAIRE', 3, 2, 24, 8, 3, 14, NULL, NULL, 0, '2021-01-21 16:06:26'),
(388, 'WORKFLOW CHEF  DU DéPARTEMENT DES MOYENS GéNéRAUX ET DU PATRIMOINE CONGé', 3, 3, 24, 8, 3, 14, NULL, NULL, 0, '2021-01-21 16:06:26'),
(389, 'WORKFLOW CHEF  DU DéPARTEMENT DES MOYENS GéNéRAUX ET DU PATRIMOINE ACCOMPTE SUR SALAIRE', 2, 4, 24, 3, 8, NULL, NULL, NULL, 0, '2021-01-21 16:06:26'),
(390, 'WORKFLOW CHEF  DU DéPARTEMENT DES MOYENS GéNéRAUX ET DU PATRIMOINE AVANCE SUR SALAIRE', 2, 5, 24, 3, 8, NULL, NULL, NULL, 0, '2021-01-21 16:06:26'),
(391, 'WORKFLOW CHEF  DU DéPARTEMENT DES MOYENS GéNéRAUX ET DU PATRIMOINE PRêT', 2, 6, 24, 3, 8, NULL, NULL, NULL, 0, '2021-01-21 16:06:26'),
(392, 'WORKFLOW CHEF  DU DéPARTEMENT DES MOYENS GéNéRAUX ET DU PATRIMOINE MISSION', 3, 7, 24, 8, 3, 14, NULL, NULL, 0, '2021-01-21 16:06:26'),
(393, 'WORKFLOW CHEF DE DéPARTEMENT ADMINISTRATION ET PAIE ABSENCE RéGLEMENTAIRE', 2, 1, 48, 3, 14, NULL, NULL, NULL, 0, '2021-01-21 16:06:26'),
(394, 'WORKFLOW CHEF DE DéPARTEMENT ADMINISTRATION ET PAIE ABSENCE NON RéGLEMENTAIRE', 2, 2, 48, 3, 14, NULL, NULL, NULL, 0, '2021-01-21 16:06:26'),
(395, 'WORKFLOW CHEF DE DéPARTEMENT ADMINISTRATION ET PAIE CONGé', 2, 3, 48, 3, 14, NULL, NULL, NULL, 0, '2021-01-21 16:06:26'),
(396, 'WORKFLOW CHEF DE DéPARTEMENT ADMINISTRATION ET PAIE ACCOMPTE SUR SALAIRE', 2, 4, 48, 3, 8, NULL, NULL, NULL, 0, '2021-01-21 16:06:26'),
(397, 'WORKFLOW CHEF DE DéPARTEMENT ADMINISTRATION ET PAIE AVANCE SUR SALAIRE', 2, 5, 48, 3, 8, NULL, NULL, NULL, 0, '2021-01-21 16:06:26'),
(398, 'WORKFLOW CHEF DE DéPARTEMENT ADMINISTRATION ET PAIE PRêT', 2, 6, 48, 3, 8, NULL, NULL, NULL, 0, '2021-01-21 16:06:26'),
(399, 'WORKFLOW CHEF DE DéPARTEMENT ADMINISTRATION ET PAIE MISSION', 2, 7, 48, 3, 14, NULL, NULL, NULL, 0, '2021-01-21 16:06:26'),
(400, 'WORKFLOW CHEF DE DéPARTEMENT ANIMATION ET PROMOTION DU SECTEUR PRIVé ABSENCE RéGLEMENTAIRE', 3, 1, 42, 26, 3, 14, NULL, NULL, 0, '2021-01-21 16:06:26'),
(401, 'WORKFLOW CHEF DE DéPARTEMENT ANIMATION ET PROMOTION DU SECTEUR PRIVé ABSENCE NON RéGLEMENTAIRE', 3, 2, 42, 26, 3, 14, NULL, NULL, 0, '2021-01-21 16:06:26'),
(402, 'WORKFLOW CHEF DE DéPARTEMENT ANIMATION ET PROMOTION DU SECTEUR PRIVé CONGé', 3, 3, 42, 26, 3, 14, NULL, NULL, 0, '2021-01-21 16:06:26'),
(403, 'WORKFLOW CHEF DE DéPARTEMENT ANIMATION ET PROMOTION DU SECTEUR PRIVé ACCOMPTE SUR SALAIRE', 2, 4, 42, 3, 8, NULL, NULL, NULL, 0, '2021-01-21 16:06:26'),
(404, 'WORKFLOW CHEF DE DéPARTEMENT ANIMATION ET PROMOTION DU SECTEUR PRIVé AVANCE SUR SALAIRE', 2, 5, 42, 3, 8, NULL, NULL, NULL, 0, '2021-01-21 16:06:26');
INSERT INTO `workflow` (`IDENTIFIANT`, `LIBELLE`, `NIVEAU`, `ID_TYPE_DEMANDE`, `ID_SERVICE`, `STADE1`, `STADE2`, `STADE3`, `STADE4`, `STADE5`, `STATUT`, `DATE_CREATION`) VALUES
(405, 'WORKFLOW CHEF DE DéPARTEMENT ANIMATION ET PROMOTION DU SECTEUR PRIVé PRêT', 2, 6, 42, 3, 8, NULL, NULL, NULL, 0, '2021-01-21 16:06:26'),
(406, 'WORKFLOW CHEF DE DéPARTEMENT ANIMATION ET PROMOTION DU SECTEUR PRIVé MISSION', 3, 7, 42, 26, 3, 14, NULL, NULL, 0, '2021-01-21 16:06:26'),
(407, 'WORKFLOW CHEF DE DéPARTEMENT APPUI ET CONSEIL AUX ENTREPRISES ABSENCE RéGLEMENTAIRE', 3, 1, 44, 26, 3, 14, NULL, NULL, 0, '2021-01-21 16:06:26'),
(408, 'WORKFLOW CHEF DE DéPARTEMENT APPUI ET CONSEIL AUX ENTREPRISES ABSENCE NON RéGLEMENTAIRE', 3, 2, 44, 26, 3, 14, NULL, NULL, 0, '2021-01-21 16:06:26'),
(409, 'WORKFLOW CHEF DE DéPARTEMENT APPUI ET CONSEIL AUX ENTREPRISES CONGé', 3, 3, 44, 26, 3, 14, NULL, NULL, 0, '2021-01-21 16:06:26'),
(410, 'WORKFLOW CHEF DE DéPARTEMENT APPUI ET CONSEIL AUX ENTREPRISES ACCOMPTE SUR SALAIRE', 2, 4, 44, 3, 8, NULL, NULL, NULL, 0, '2021-01-21 16:06:26'),
(411, 'WORKFLOW CHEF DE DéPARTEMENT APPUI ET CONSEIL AUX ENTREPRISES AVANCE SUR SALAIRE', 2, 5, 44, 3, 8, NULL, NULL, NULL, 0, '2021-01-21 16:06:26'),
(412, 'WORKFLOW CHEF DE DéPARTEMENT APPUI ET CONSEIL AUX ENTREPRISES PRêT', 2, 6, 44, 3, 8, NULL, NULL, NULL, 0, '2021-01-21 16:06:26'),
(413, 'WORKFLOW CHEF DE DéPARTEMENT APPUI ET CONSEIL AUX ENTREPRISES MISSION', 3, 7, 44, 26, 3, 14, NULL, NULL, 0, '2021-01-21 16:06:26'),
(414, 'WORKFLOW CHEF DE DéPARTEMENT CHARGé DES PROJETS ABSENCE RéGLEMENTAIRE', 3, 1, 46, 26, 3, 14, NULL, NULL, 0, '2021-01-21 16:06:26'),
(415, 'WORKFLOW CHEF DE DéPARTEMENT CHARGé DES PROJETS ABSENCE NON RéGLEMENTAIRE', 3, 2, 46, 26, 3, 14, NULL, NULL, 0, '2021-01-21 16:06:26'),
(416, 'WORKFLOW CHEF DE DéPARTEMENT CHARGé DES PROJETS CONGé', 3, 3, 46, 26, 3, 14, NULL, NULL, 0, '2021-01-21 16:06:26'),
(417, 'WORKFLOW CHEF DE DéPARTEMENT CHARGé DES PROJETS ACCOMPTE SUR SALAIRE', 2, 4, 46, 3, 8, NULL, NULL, NULL, 0, '2021-01-21 16:06:26'),
(418, 'WORKFLOW CHEF DE DéPARTEMENT CHARGé DES PROJETS AVANCE SUR SALAIRE', 2, 5, 46, 3, 8, NULL, NULL, NULL, 0, '2021-01-21 16:06:26'),
(419, 'WORKFLOW CHEF DE DéPARTEMENT CHARGé DES PROJETS PRêT', 2, 6, 46, 3, 8, NULL, NULL, NULL, 0, '2021-01-21 16:06:26'),
(420, 'WORKFLOW CHEF DE DéPARTEMENT CHARGé DES PROJETS MISSION', 3, 7, 46, 26, 3, 14, NULL, NULL, 0, '2021-01-21 16:06:26'),
(421, 'WORKFLOW CHEF DE DéPARTEMENT COMPTABLE ET FINANCIER ABSENCE RéGLEMENTAIRE', 3, 1, 37, 8, 3, 14, NULL, NULL, 0, '2021-01-21 16:06:26'),
(422, 'WORKFLOW CHEF DE DéPARTEMENT COMPTABLE ET FINANCIER ABSENCE NON RéGLEMENTAIRE', 3, 2, 37, 8, 3, 14, NULL, NULL, 0, '2021-01-21 16:06:26'),
(423, 'WORKFLOW CHEF DE DéPARTEMENT COMPTABLE ET FINANCIER CONGé', 3, 3, 37, 8, 3, 14, NULL, NULL, 0, '2021-01-21 16:06:26'),
(424, 'WORKFLOW CHEF DE DéPARTEMENT COMPTABLE ET FINANCIER ACCOMPTE SUR SALAIRE', 2, 4, 37, 3, 8, NULL, NULL, NULL, 0, '2021-01-21 16:06:26'),
(425, 'WORKFLOW CHEF DE DéPARTEMENT COMPTABLE ET FINANCIER AVANCE SUR SALAIRE', 2, 5, 37, 3, 8, NULL, NULL, NULL, 0, '2021-01-21 16:06:26'),
(426, 'WORKFLOW CHEF DE DéPARTEMENT COMPTABLE ET FINANCIER PRêT', 2, 6, 37, 3, 8, NULL, NULL, NULL, 0, '2021-01-21 16:06:26'),
(427, 'WORKFLOW CHEF DE DéPARTEMENT COMPTABLE ET FINANCIER MISSION', 3, 7, 37, 8, 3, 14, NULL, NULL, 0, '2021-01-21 16:06:26'),
(428, 'WORKFLOW CHEF DE DéPARTEMENT DES SYSTèMES D''INFORMATION ABSENCE RéGLEMENTAIRE', 3, 1, 32, 8, 3, 14, NULL, NULL, 0, '2021-01-21 16:06:26'),
(429, 'WORKFLOW CHEF DE DéPARTEMENT DES SYSTèMES D''INFORMATION ABSENCE NON RéGLEMENTAIRE', 3, 2, 32, 8, 3, 14, NULL, NULL, 0, '2021-01-21 16:06:26'),
(430, 'WORKFLOW CHEF DE DéPARTEMENT DES SYSTèMES D''INFORMATION CONGé', 3, 3, 32, 8, 3, 14, NULL, NULL, 0, '2021-01-21 16:06:26'),
(431, 'WORKFLOW CHEF DE DéPARTEMENT DES SYSTèMES D''INFORMATION ACCOMPTE SUR SALAIRE', 2, 4, 32, 3, 8, NULL, NULL, NULL, 0, '2021-01-21 16:06:26'),
(432, 'WORKFLOW CHEF DE DéPARTEMENT DES SYSTèMES D''INFORMATION AVANCE SUR SALAIRE', 2, 5, 32, 3, 8, NULL, NULL, NULL, 0, '2021-01-21 16:06:26'),
(433, 'WORKFLOW CHEF DE DéPARTEMENT DES SYSTèMES D''INFORMATION PRêT', 2, 6, 32, 3, 8, NULL, NULL, NULL, 0, '2021-01-21 16:06:26'),
(434, 'WORKFLOW CHEF DE DéPARTEMENT DES SYSTèMES D''INFORMATION MISSION', 3, 7, 32, 8, 3, 14, NULL, NULL, 0, '2021-01-21 16:06:26'),
(435, 'WORKFLOW CHEF DE DéPARTEMENT DéVELOPPEMENT DES RESSOURCES HUMAINES ABSENCE RéGLEMENTAIRE', 2, 1, 54, 3, 14, NULL, NULL, NULL, 0, '2021-01-21 16:06:26'),
(436, 'WORKFLOW CHEF DE DéPARTEMENT DéVELOPPEMENT DES RESSOURCES HUMAINES ABSENCE NON RéGLEMENTAIRE', 2, 2, 54, 3, 14, NULL, NULL, NULL, 0, '2021-01-21 16:06:26'),
(437, 'WORKFLOW CHEF DE DéPARTEMENT DéVELOPPEMENT DES RESSOURCES HUMAINES CONGé', 2, 3, 54, 3, 14, NULL, NULL, NULL, 0, '2021-01-21 16:06:26'),
(438, 'WORKFLOW CHEF DE DéPARTEMENT DéVELOPPEMENT DES RESSOURCES HUMAINES ACCOMPTE SUR SALAIRE', 2, 4, 54, 3, 8, NULL, NULL, NULL, 0, '2021-01-21 16:06:26'),
(439, 'WORKFLOW CHEF DE DéPARTEMENT DéVELOPPEMENT DES RESSOURCES HUMAINES AVANCE SUR SALAIRE', 2, 5, 54, 3, 8, NULL, NULL, NULL, 0, '2021-01-21 16:06:26'),
(440, 'WORKFLOW CHEF DE DéPARTEMENT DéVELOPPEMENT DES RESSOURCES HUMAINES PRêT', 2, 6, 54, 3, 8, NULL, NULL, NULL, 0, '2021-01-21 16:06:26'),
(441, 'WORKFLOW CHEF DE DéPARTEMENT DéVELOPPEMENT DES RESSOURCES HUMAINES MISSION', 2, 7, 54, 3, 14, NULL, NULL, NULL, 0, '2021-01-21 16:06:26'),
(442, 'WORKFLOW CHEF DE DéPARTEMENT INFRASTRUCTURE ABSENCE RéGLEMENTAIRE', 3, 1, 63, 7, 3, 14, NULL, NULL, 0, '2021-01-21 16:06:26'),
(443, 'WORKFLOW CHEF DE DéPARTEMENT INFRASTRUCTURE ABSENCE NON RéGLEMENTAIRE', 3, 2, 63, 7, 3, 14, NULL, NULL, 0, '2021-01-21 16:06:26'),
(444, 'WORKFLOW CHEF DE DéPARTEMENT INFRASTRUCTURE CONGé', 3, 3, 63, 7, 3, 14, NULL, NULL, 0, '2021-01-21 16:06:26'),
(445, 'WORKFLOW CHEF DE DéPARTEMENT INFRASTRUCTURE ACCOMPTE SUR SALAIRE', 2, 4, 63, 3, 8, NULL, NULL, NULL, 0, '2021-01-21 16:06:26'),
(446, 'WORKFLOW CHEF DE DéPARTEMENT INFRASTRUCTURE AVANCE SUR SALAIRE', 2, 5, 63, 3, 8, NULL, NULL, NULL, 0, '2021-01-21 16:06:26'),
(447, 'WORKFLOW CHEF DE DéPARTEMENT INFRASTRUCTURE PRêT', 2, 6, 63, 3, 8, NULL, NULL, NULL, 0, '2021-01-21 16:06:26'),
(448, 'WORKFLOW CHEF DE DéPARTEMENT INFRASTRUCTURE MISSION', 3, 7, 63, 7, 3, 14, NULL, NULL, 0, '2021-01-21 16:06:26'),
(449, 'WORKFLOW CHEF DE DéPARTEMENT JURIDIQUE ABSENCE RéGLEMENTAIRE', 3, 1, 34, 8, 3, 14, NULL, NULL, 0, '2021-01-21 16:06:26'),
(450, 'WORKFLOW CHEF DE DéPARTEMENT JURIDIQUE ABSENCE NON RéGLEMENTAIRE', 3, 2, 34, 8, 3, 14, NULL, NULL, 0, '2021-01-21 16:06:26'),
(451, 'WORKFLOW CHEF DE DéPARTEMENT JURIDIQUE CONGé', 3, 3, 34, 8, 3, 14, NULL, NULL, 0, '2021-01-21 16:06:26'),
(452, 'WORKFLOW CHEF DE DéPARTEMENT JURIDIQUE ACCOMPTE SUR SALAIRE', 2, 4, 34, 3, 8, NULL, NULL, NULL, 0, '2021-01-21 16:06:26'),
(453, 'WORKFLOW CHEF DE DéPARTEMENT JURIDIQUE AVANCE SUR SALAIRE', 2, 5, 34, 3, 8, NULL, NULL, NULL, 0, '2021-01-21 16:06:26'),
(454, 'WORKFLOW CHEF DE DéPARTEMENT JURIDIQUE PRêT', 2, 6, 34, 3, 8, NULL, NULL, NULL, 0, '2021-01-21 16:06:26'),
(455, 'WORKFLOW CHEF DE DéPARTEMENT JURIDIQUE MISSION', 3, 7, 34, 8, 3, 14, NULL, NULL, 0, '2021-01-21 16:06:26'),
(456, 'WORKFLOW CHEF DE DéPARTEMENT MéDICO-SOCIAL ABSENCE RéGLEMENTAIRE', 2, 1, 50, 3, 14, NULL, NULL, NULL, 0, '2021-01-21 16:06:26'),
(457, 'WORKFLOW CHEF DE DéPARTEMENT MéDICO-SOCIAL ABSENCE NON RéGLEMENTAIRE', 2, 2, 50, 3, 14, NULL, NULL, NULL, 0, '2021-01-21 16:06:26'),
(458, 'WORKFLOW CHEF DE DéPARTEMENT MéDICO-SOCIAL CONGé', 2, 3, 50, 3, 14, NULL, NULL, NULL, 0, '2021-01-21 16:06:26'),
(459, 'WORKFLOW CHEF DE DéPARTEMENT MéDICO-SOCIAL ACCOMPTE SUR SALAIRE', 2, 4, 50, 3, 8, NULL, NULL, NULL, 0, '2021-01-21 16:06:26'),
(460, 'WORKFLOW CHEF DE DéPARTEMENT MéDICO-SOCIAL AVANCE SUR SALAIRE', 2, 5, 50, 3, 8, NULL, NULL, NULL, 0, '2021-01-21 16:06:26'),
(461, 'WORKFLOW CHEF DE DéPARTEMENT MéDICO-SOCIAL PRêT', 2, 6, 50, 3, 8, NULL, NULL, NULL, 0, '2021-01-21 16:06:26'),
(462, 'WORKFLOW CHEF DE DéPARTEMENT MéDICO-SOCIAL MISSION', 2, 7, 50, 3, 14, NULL, NULL, NULL, 0, '2021-01-21 16:06:26'),
(463, 'WORKFLOW CHEF DE DéPARTEMENT PESAGE ET CERTIFICATION DES POIDS ABSENCE RéGLEMENTAIRE', 3, 1, 2, 7, 3, 14, NULL, NULL, 0, '2021-01-21 16:06:26'),
(464, 'WORKFLOW CHEF DE DéPARTEMENT PESAGE ET CERTIFICATION DES POIDS ABSENCE NON RéGLEMENTAIRE', 3, 2, 2, 7, 3, 14, NULL, NULL, 0, '2021-01-21 16:06:26'),
(465, 'WORKFLOW CHEF DE DéPARTEMENT PESAGE ET CERTIFICATION DES POIDS CONGé', 3, 3, 2, 7, 3, 14, NULL, NULL, 0, '2021-01-21 16:06:26'),
(466, 'WORKFLOW CHEF DE DéPARTEMENT PESAGE ET CERTIFICATION DES POIDS ACCOMPTE SUR SALAIRE', 2, 4, 2, 3, 8, NULL, NULL, NULL, 0, '2021-01-21 16:06:26'),
(467, 'WORKFLOW CHEF DE DéPARTEMENT PESAGE ET CERTIFICATION DES POIDS AVANCE SUR SALAIRE', 2, 5, 2, 3, 8, NULL, NULL, NULL, 0, '2021-01-21 16:06:26'),
(468, 'WORKFLOW CHEF DE DéPARTEMENT PESAGE ET CERTIFICATION DES POIDS PRêT', 2, 6, 2, 3, 8, NULL, NULL, NULL, 0, '2021-01-21 16:06:26'),
(469, 'WORKFLOW CHEF DE DéPARTEMENT PESAGE ET CERTIFICATION DES POIDS MISSION', 3, 7, 2, 7, 3, 14, NULL, NULL, 0, '2021-01-21 16:06:26'),
(470, 'WORKFLOW CHEF DE DéPARTEMENT PNSF ABSENCE RéGLEMENTAIRE', 3, 1, 9, 7, 3, 14, NULL, NULL, 0, '2021-01-21 16:06:26'),
(471, 'WORKFLOW CHEF DE DéPARTEMENT PNSF ABSENCE NON RéGLEMENTAIRE', 3, 2, 9, 7, 3, 14, NULL, NULL, 0, '2021-01-21 16:06:26'),
(472, 'WORKFLOW CHEF DE DéPARTEMENT PNSF CONGé', 3, 3, 9, 7, 3, 14, NULL, NULL, 0, '2021-01-21 16:06:26'),
(473, 'WORKFLOW CHEF DE DéPARTEMENT PNSF ACCOMPTE SUR SALAIRE', 2, 4, 9, 3, 8, NULL, NULL, NULL, 0, '2021-01-21 16:06:26'),
(474, 'WORKFLOW CHEF DE DéPARTEMENT PNSF AVANCE SUR SALAIRE', 2, 5, 9, 3, 8, NULL, NULL, NULL, 0, '2021-01-21 16:06:26'),
(475, 'WORKFLOW CHEF DE DéPARTEMENT PNSF PRêT', 2, 6, 9, 3, 8, NULL, NULL, NULL, 0, '2021-01-21 16:06:26'),
(476, 'WORKFLOW CHEF DE DéPARTEMENT PNSF MISSION', 3, 7, 9, 7, 3, 14, NULL, NULL, 0, '2021-01-21 16:06:26'),
(477, 'WORKFLOW CHEF DE DéPARTEMENT TéRRITORIAL ET DéVELOPPEMENT DURABLE ABSENCE RéGLEMENTAIRE', 3, 1, 72, 27, 3, 14, NULL, NULL, 0, '2021-01-21 16:06:26'),
(478, 'WORKFLOW CHEF DE DéPARTEMENT TéRRITORIAL ET DéVELOPPEMENT DURABLE ABSENCE NON RéGLEMENTAIRE', 3, 2, 72, 27, 3, 14, NULL, NULL, 0, '2021-01-21 16:06:26'),
(479, 'WORKFLOW CHEF DE DéPARTEMENT TéRRITORIAL ET DéVELOPPEMENT DURABLE CONGé', 3, 3, 72, 27, 3, 14, NULL, NULL, 0, '2021-01-21 16:06:26'),
(480, 'WORKFLOW CHEF DE DéPARTEMENT TéRRITORIAL ET DéVELOPPEMENT DURABLE ACCOMPTE SUR SALAIRE', 2, 4, 72, 3, 8, NULL, NULL, NULL, 0, '2021-01-21 16:06:26'),
(481, 'WORKFLOW CHEF DE DéPARTEMENT TéRRITORIAL ET DéVELOPPEMENT DURABLE AVANCE SUR SALAIRE', 2, 5, 72, 3, 8, NULL, NULL, NULL, 0, '2021-01-21 16:06:26'),
(482, 'WORKFLOW CHEF DE DéPARTEMENT TéRRITORIAL ET DéVELOPPEMENT DURABLE PRêT', 2, 6, 72, 3, 8, NULL, NULL, NULL, 0, '2021-01-21 16:06:26'),
(483, 'WORKFLOW CHEF DE DéPARTEMENT TéRRITORIAL ET DéVELOPPEMENT DURABLE MISSION', 3, 7, 72, 27, 3, 14, NULL, NULL, 0, '2021-01-21 16:06:26'),
(484, 'WORKFLOW CHEF DE DéPARTEMENT TRéSORERIE ABSENCE RéGLEMENTAIRE', 3, 1, 30, 8, 3, 14, NULL, NULL, 0, '2021-01-21 16:06:26'),
(485, 'WORKFLOW CHEF DE DéPARTEMENT TRéSORERIE ABSENCE NON RéGLEMENTAIRE', 3, 2, 30, 8, 3, 14, NULL, NULL, 0, '2021-01-21 16:06:26'),
(486, 'WORKFLOW CHEF DE DéPARTEMENT TRéSORERIE CONGé', 3, 3, 30, 8, 3, 14, NULL, NULL, 0, '2021-01-21 16:06:26'),
(487, 'WORKFLOW CHEF DE DéPARTEMENT TRéSORERIE ACCOMPTE SUR SALAIRE', 2, 4, 30, 3, 8, NULL, NULL, NULL, 0, '2021-01-21 16:06:26'),
(488, 'WORKFLOW CHEF DE DéPARTEMENT TRéSORERIE AVANCE SUR SALAIRE', 2, 5, 30, 3, 8, NULL, NULL, NULL, 0, '2021-01-21 16:06:26'),
(489, 'WORKFLOW CHEF DE DéPARTEMENT TRéSORERIE PRêT', 2, 6, 30, 3, 8, NULL, NULL, NULL, 0, '2021-01-21 16:06:26'),
(490, 'WORKFLOW CHEF DE DéPARTEMENT TRéSORERIE MISSION', 3, 7, 30, 8, 3, 14, NULL, NULL, 0, '2021-01-21 16:06:26'),
(491, 'WORKFLOW CHEF DE DéPARTEMENT TRIE ABSENCE RéGLEMENTAIRE', 3, 1, 64, 7, 3, 14, NULL, NULL, 0, '2021-01-21 16:06:26'),
(492, 'WORKFLOW CHEF DE DéPARTEMENT TRIE ABSENCE NON RéGLEMENTAIRE', 3, 2, 64, 7, 3, 14, NULL, NULL, 0, '2021-01-21 16:06:26'),
(493, 'WORKFLOW CHEF DE DéPARTEMENT TRIE CONGé', 3, 3, 64, 7, 3, 14, NULL, NULL, 0, '2021-01-21 16:06:26'),
(494, 'WORKFLOW CHEF DE DéPARTEMENT TRIE ACCOMPTE SUR SALAIRE', 2, 4, 64, 3, 8, NULL, NULL, NULL, 0, '2021-01-21 16:06:26'),
(495, 'WORKFLOW CHEF DE DéPARTEMENT TRIE AVANCE SUR SALAIRE', 2, 5, 64, 3, 8, NULL, NULL, NULL, 0, '2021-01-21 16:06:26'),
(496, 'WORKFLOW CHEF DE DéPARTEMENT TRIE PRêT', 2, 6, 64, 3, 8, NULL, NULL, NULL, 0, '2021-01-21 16:06:26'),
(497, 'WORKFLOW CHEF DE DéPARTEMENT TRIE MISSION', 3, 7, 64, 7, 3, 14, NULL, NULL, 0, '2021-01-21 16:06:26'),
(498, 'WORKFLOW CHEF DE SERVICE ADMINISTRATIF DE BOUAKé ABSENCE RéGLEMENTAIRE', 3, 1, 67, 2, 7, 3, NULL, NULL, 0, '2021-01-21 16:06:26'),
(499, 'WORKFLOW CHEF DE SERVICE ADMINISTRATIF DE BOUAKé ABSENCE NON RéGLEMENTAIRE', 3, 2, 67, 2, 7, 3, NULL, NULL, 0, '2021-01-21 16:06:26'),
(500, 'WORKFLOW CHEF DE SERVICE ADMINISTRATIF DE BOUAKé CONGé', 3, 3, 67, 2, 7, 3, NULL, NULL, 0, '2021-01-21 16:06:26'),
(501, 'WORKFLOW CHEF DE SERVICE ADMINISTRATIF DE BOUAKé ACCOMPTE SUR SALAIRE', 2, 4, 67, 3, 8, NULL, NULL, NULL, 0, '2021-01-21 16:06:26'),
(502, 'WORKFLOW CHEF DE SERVICE ADMINISTRATIF DE BOUAKé AVANCE SUR SALAIRE', 2, 5, 67, 3, 8, NULL, NULL, NULL, 0, '2021-01-21 16:06:26'),
(503, 'WORKFLOW CHEF DE SERVICE ADMINISTRATIF DE BOUAKé PRêT', 2, 6, 67, 3, 8, NULL, NULL, NULL, 0, '2021-01-21 16:06:26'),
(504, 'WORKFLOW CHEF DE SERVICE ADMINISTRATIF DE BOUAKé MISSION', 3, 7, 67, 2, 7, 3, NULL, NULL, 0, '2021-01-21 16:06:26'),
(505, 'WORKFLOW CHEF DE SERVICE ADMINISTRATIF DE SAN-PEDRO ABSENCE RéGLEMENTAIRE', 3, 1, 11, 2, 7, 3, NULL, NULL, 0, '2021-01-21 16:06:26'),
(506, 'WORKFLOW CHEF DE SERVICE ADMINISTRATIF DE SAN-PEDRO ABSENCE NON RéGLEMENTAIRE', 3, 2, 11, 2, 7, 3, NULL, NULL, 0, '2021-01-21 16:06:26'),
(507, 'WORKFLOW CHEF DE SERVICE ADMINISTRATIF DE SAN-PEDRO CONGé', 3, 3, 11, 2, 7, 3, NULL, NULL, 0, '2021-01-21 16:06:26'),
(508, 'WORKFLOW CHEF DE SERVICE ADMINISTRATIF DE SAN-PEDRO ACCOMPTE SUR SALAIRE', 2, 4, 11, 3, 8, NULL, NULL, NULL, 0, '2021-01-21 16:06:26'),
(509, 'WORKFLOW CHEF DE SERVICE ADMINISTRATIF DE SAN-PEDRO AVANCE SUR SALAIRE', 2, 5, 11, 3, 8, NULL, NULL, NULL, 0, '2021-01-21 16:06:26'),
(510, 'WORKFLOW CHEF DE SERVICE ADMINISTRATIF DE SAN-PEDRO PRêT', 2, 6, 11, 3, 8, NULL, NULL, NULL, 0, '2021-01-21 16:06:26'),
(511, 'WORKFLOW CHEF DE SERVICE ADMINISTRATIF DE SAN-PEDRO MISSION', 3, 7, 11, 2, 7, 3, NULL, NULL, 0, '2021-01-21 16:06:26'),
(512, 'WORKFLOW CHEF DE SERVICE ADMISSION ET SCOLARITé ABSENCE RéGLEMENTAIRE', 3, 1, 94, 28, 3, 14, NULL, NULL, 0, '2021-01-21 16:06:26'),
(513, 'WORKFLOW CHEF DE SERVICE ADMISSION ET SCOLARITé ABSENCE NON RéGLEMENTAIRE', 3, 2, 94, 28, 3, 14, NULL, NULL, 0, '2021-01-21 16:06:26'),
(514, 'WORKFLOW CHEF DE SERVICE ADMISSION ET SCOLARITé CONGé', 3, 3, 94, 28, 3, 14, NULL, NULL, 0, '2021-01-21 16:06:26'),
(515, 'WORKFLOW CHEF DE SERVICE ADMISSION ET SCOLARITé ACCOMPTE SUR SALAIRE', 2, 4, 94, 3, 8, NULL, NULL, NULL, 0, '2021-01-21 16:06:26'),
(516, 'WORKFLOW CHEF DE SERVICE ADMISSION ET SCOLARITé AVANCE SUR SALAIRE', 2, 5, 94, 3, 8, NULL, NULL, NULL, 0, '2021-01-21 16:06:26'),
(517, 'WORKFLOW CHEF DE SERVICE ADMISSION ET SCOLARITé PRêT', 2, 6, 94, 3, 8, NULL, NULL, NULL, 0, '2021-01-21 16:06:26'),
(518, 'WORKFLOW CHEF DE SERVICE ADMISSION ET SCOLARITé MISSION', 3, 7, 94, 28, 3, 14, NULL, NULL, 0, '2021-01-21 16:06:26'),
(519, 'WORKFLOW CHEF DE SERVICE ARBITRAGE ABSENCE RéGLEMENTAIRE', 3, 1, 21, 25, 3, 14, NULL, NULL, 0, '2021-01-21 16:06:26'),
(520, 'WORKFLOW CHEF DE SERVICE ARBITRAGE ABSENCE NON RéGLEMENTAIRE', 3, 2, 21, 25, 3, 14, NULL, NULL, 0, '2021-01-21 16:06:26'),
(521, 'WORKFLOW CHEF DE SERVICE ARBITRAGE CONGé', 3, 3, 21, 25, 3, 14, NULL, NULL, 0, '2021-01-21 16:06:26'),
(522, 'WORKFLOW CHEF DE SERVICE ARBITRAGE ACCOMPTE SUR SALAIRE', 2, 4, 21, 3, 8, NULL, NULL, NULL, 0, '2021-01-21 16:06:26'),
(523, 'WORKFLOW CHEF DE SERVICE ARBITRAGE AVANCE SUR SALAIRE', 2, 5, 21, 3, 8, NULL, NULL, NULL, 0, '2021-01-21 16:06:26'),
(524, 'WORKFLOW CHEF DE SERVICE ARBITRAGE PRêT', 2, 6, 21, 3, 8, NULL, NULL, NULL, 0, '2021-01-21 16:06:26'),
(525, 'WORKFLOW CHEF DE SERVICE ARBITRAGE MISSION', 3, 7, 21, 25, 3, 14, NULL, NULL, 0, '2021-01-21 16:06:26'),
(526, 'WORKFLOW CHEF DE SERVICE COMPTABILITé GéNéRALE ABSENCE RéGLEMENTAIRE', 3, 1, 39, 37, 8, 3, NULL, NULL, 0, '2021-01-21 16:06:26'),
(527, 'WORKFLOW CHEF DE SERVICE COMPTABILITé GéNéRALE ABSENCE NON RéGLEMENTAIRE', 3, 2, 39, 37, 8, 3, NULL, NULL, 0, '2021-01-21 16:06:26'),
(528, 'WORKFLOW CHEF DE SERVICE COMPTABILITé GéNéRALE CONGé', 3, 3, 39, 37, 8, 3, NULL, NULL, 0, '2021-01-21 16:06:26'),
(529, 'WORKFLOW CHEF DE SERVICE COMPTABILITé GéNéRALE ACCOMPTE SUR SALAIRE', 2, 4, 39, 3, 8, NULL, NULL, NULL, 0, '2021-01-21 16:06:26'),
(530, 'WORKFLOW CHEF DE SERVICE COMPTABILITé GéNéRALE AVANCE SUR SALAIRE', 2, 5, 39, 3, 8, NULL, NULL, NULL, 0, '2021-01-21 16:06:26'),
(531, 'WORKFLOW CHEF DE SERVICE COMPTABILITé GéNéRALE PRêT', 2, 6, 39, 3, 8, NULL, NULL, NULL, 0, '2021-01-21 16:06:26'),
(532, 'WORKFLOW CHEF DE SERVICE COMPTABILITé GéNéRALE MISSION', 3, 7, 39, 37, 8, 3, NULL, NULL, 0, '2021-01-21 16:06:26'),
(533, 'WORKFLOW CHEF DE SERVICE EXPLOTATION ET RECEVABILITé ABSENCE RéGLEMENTAIRE', 3, 1, 65, 64, 7, 3, NULL, NULL, 0, '2021-01-21 16:06:26'),
(534, 'WORKFLOW CHEF DE SERVICE EXPLOTATION ET RECEVABILITé ABSENCE NON RéGLEMENTAIRE', 3, 2, 65, 64, 7, 3, NULL, NULL, 0, '2021-01-21 16:06:26'),
(535, 'WORKFLOW CHEF DE SERVICE EXPLOTATION ET RECEVABILITé CONGé', 3, 3, 65, 64, 7, 3, NULL, NULL, 0, '2021-01-21 16:06:26'),
(536, 'WORKFLOW CHEF DE SERVICE EXPLOTATION ET RECEVABILITé ACCOMPTE SUR SALAIRE', 2, 4, 65, 3, 8, NULL, NULL, NULL, 0, '2021-01-21 16:06:26'),
(537, 'WORKFLOW CHEF DE SERVICE EXPLOTATION ET RECEVABILITé AVANCE SUR SALAIRE', 2, 5, 65, 3, 8, NULL, NULL, NULL, 0, '2021-01-21 16:06:26'),
(538, 'WORKFLOW CHEF DE SERVICE EXPLOTATION ET RECEVABILITé PRêT', 2, 6, 65, 3, 8, NULL, NULL, NULL, 0, '2021-01-21 16:06:26'),
(539, 'WORKFLOW CHEF DE SERVICE EXPLOTATION ET RECEVABILITé MISSION', 3, 7, 65, 64, 7, 3, NULL, NULL, 0, '2021-01-21 16:06:26'),
(540, 'WORKFLOW CHEF DE SERVICE GéOLOCALISATION ABSENCE RéGLEMENTAIRE', 3, 1, 66, 64, 7, 3, NULL, NULL, 0, '2021-01-21 16:06:26'),
(541, 'WORKFLOW CHEF DE SERVICE GéOLOCALISATION ABSENCE NON RéGLEMENTAIRE', 3, 2, 66, 64, 7, 3, NULL, NULL, 0, '2021-01-21 16:06:26'),
(542, 'WORKFLOW CHEF DE SERVICE GéOLOCALISATION CONGé', 3, 3, 66, 64, 7, 3, NULL, NULL, 0, '2021-01-21 16:06:26'),
(543, 'WORKFLOW CHEF DE SERVICE GéOLOCALISATION ACCOMPTE SUR SALAIRE', 2, 4, 66, 3, 8, NULL, NULL, NULL, 0, '2021-01-21 16:06:26'),
(544, 'WORKFLOW CHEF DE SERVICE GéOLOCALISATION AVANCE SUR SALAIRE', 2, 5, 66, 3, 8, NULL, NULL, NULL, 0, '2021-01-21 16:06:26'),
(545, 'WORKFLOW CHEF DE SERVICE GéOLOCALISATION PRêT', 2, 6, 66, 3, 8, NULL, NULL, NULL, 0, '2021-01-21 16:06:26'),
(546, 'WORKFLOW CHEF DE SERVICE GéOLOCALISATION MISSION', 3, 7, 66, 64, 7, 3, NULL, NULL, 0, '2021-01-21 16:06:26'),
(547, 'WORKFLOW CHEF DE SERVICE JURIDIQUE ET FISCAL ABSENCE RéGLEMENTAIRE', 3, 1, 35, 34, 8, 3, NULL, NULL, 0, '2021-01-21 16:06:26'),
(548, 'WORKFLOW CHEF DE SERVICE JURIDIQUE ET FISCAL ABSENCE NON RéGLEMENTAIRE', 3, 2, 35, 34, 8, 3, NULL, NULL, 0, '2021-01-21 16:06:26'),
(549, 'WORKFLOW CHEF DE SERVICE JURIDIQUE ET FISCAL CONGé', 3, 3, 35, 34, 8, 3, NULL, NULL, 0, '2021-01-21 16:06:26'),
(550, 'WORKFLOW CHEF DE SERVICE JURIDIQUE ET FISCAL ACCOMPTE SUR SALAIRE', 2, 4, 35, 3, 8, NULL, NULL, NULL, 0, '2021-01-21 16:06:26'),
(551, 'WORKFLOW CHEF DE SERVICE JURIDIQUE ET FISCAL AVANCE SUR SALAIRE', 2, 5, 35, 3, 8, NULL, NULL, NULL, 0, '2021-01-21 16:06:26'),
(552, 'WORKFLOW CHEF DE SERVICE JURIDIQUE ET FISCAL PRêT', 2, 6, 35, 3, 8, NULL, NULL, NULL, 0, '2021-01-21 16:06:26'),
(553, 'WORKFLOW CHEF DE SERVICE JURIDIQUE ET FISCAL MISSION', 3, 7, 35, 34, 8, 3, NULL, NULL, 0, '2021-01-21 16:06:26'),
(554, 'WORKFLOW CHEF DE SERVICE MARKETING ET INSERTION PROFESSIONNELLE ABSENCE RéGLEMENTAIRE', 3, 1, 96, 28, 3, 14, NULL, NULL, 0, '2021-01-21 16:06:26'),
(555, 'WORKFLOW CHEF DE SERVICE MARKETING ET INSERTION PROFESSIONNELLE ABSENCE NON RéGLEMENTAIRE', 3, 2, 96, 28, 3, 14, NULL, NULL, 0, '2021-01-21 16:06:26'),
(556, 'WORKFLOW CHEF DE SERVICE MARKETING ET INSERTION PROFESSIONNELLE CONGé', 3, 3, 96, 28, 3, 14, NULL, NULL, 0, '2021-01-21 16:06:26'),
(557, 'WORKFLOW CHEF DE SERVICE MARKETING ET INSERTION PROFESSIONNELLE ACCOMPTE SUR SALAIRE', 2, 4, 96, 3, 8, NULL, NULL, NULL, 0, '2021-01-21 16:06:26'),
(558, 'WORKFLOW CHEF DE SERVICE MARKETING ET INSERTION PROFESSIONNELLE AVANCE SUR SALAIRE', 2, 5, 96, 3, 8, NULL, NULL, NULL, 0, '2021-01-21 16:06:26'),
(559, 'WORKFLOW CHEF DE SERVICE MARKETING ET INSERTION PROFESSIONNELLE PRêT', 2, 6, 96, 3, 8, NULL, NULL, NULL, 0, '2021-01-21 16:06:26'),
(560, 'WORKFLOW CHEF DE SERVICE MARKETING ET INSERTION PROFESSIONNELLE MISSION', 3, 7, 96, 28, 3, 14, NULL, NULL, 0, '2021-01-21 16:06:26'),
(561, 'WORKFLOW CHEF DE SERVICE MéDIATION ABSENCE RéGLEMENTAIRE', 3, 1, 22, 25, 3, 14, NULL, NULL, 0, '2021-01-21 16:06:26'),
(562, 'WORKFLOW CHEF DE SERVICE MéDIATION ABSENCE NON RéGLEMENTAIRE', 3, 2, 22, 25, 3, 14, NULL, NULL, 0, '2021-01-21 16:06:26'),
(563, 'WORKFLOW CHEF DE SERVICE MéDIATION CONGé', 3, 3, 22, 25, 3, 14, NULL, NULL, 0, '2021-01-21 16:06:26'),
(564, 'WORKFLOW CHEF DE SERVICE MéDIATION ACCOMPTE SUR SALAIRE', 2, 4, 22, 3, 8, NULL, NULL, NULL, 0, '2021-01-21 16:06:26'),
(565, 'WORKFLOW CHEF DE SERVICE MéDIATION AVANCE SUR SALAIRE', 2, 5, 22, 3, 8, NULL, NULL, NULL, 0, '2021-01-21 16:06:26'),
(566, 'WORKFLOW CHEF DE SERVICE MéDIATION PRêT', 2, 6, 22, 3, 8, NULL, NULL, NULL, 0, '2021-01-21 16:06:26'),
(567, 'WORKFLOW CHEF DE SERVICE MéDIATION MISSION', 3, 7, 22, 25, 3, 14, NULL, NULL, 0, '2021-01-21 16:06:26'),
(568, 'WORKFLOW CHEF DE SERVICE MéTROLOGIE ABSENCE RéGLEMENTAIRE', 3, 1, 13, 2, 7, 3, NULL, NULL, 0, '2021-01-21 16:06:26'),
(569, 'WORKFLOW CHEF DE SERVICE MéTROLOGIE ABSENCE NON RéGLEMENTAIRE', 3, 2, 13, 2, 7, 3, NULL, NULL, 0, '2021-01-21 16:06:26'),
(570, 'WORKFLOW CHEF DE SERVICE MéTROLOGIE CONGé', 3, 3, 13, 2, 7, 3, NULL, NULL, 0, '2021-01-21 16:06:26'),
(571, 'WORKFLOW CHEF DE SERVICE MéTROLOGIE ACCOMPTE SUR SALAIRE', 2, 4, 13, 3, 8, NULL, NULL, NULL, 0, '2021-01-21 16:06:26'),
(572, 'WORKFLOW CHEF DE SERVICE MéTROLOGIE AVANCE SUR SALAIRE', 2, 5, 13, 3, 8, NULL, NULL, NULL, 0, '2021-01-21 16:06:26'),
(573, 'WORKFLOW CHEF DE SERVICE MéTROLOGIE PRêT', 2, 6, 13, 3, 8, NULL, NULL, NULL, 0, '2021-01-21 16:06:26'),
(574, 'WORKFLOW CHEF DE SERVICE MéTROLOGIE MISSION', 3, 7, 13, 2, 7, 3, NULL, NULL, 0, '2021-01-21 16:06:26'),
(575, 'WORKFLOW CHEF DE SERVICE PED ABSENCE RéGLEMENTAIRE', 3, 1, 93, 28, 3, 14, NULL, NULL, 0, '2021-01-21 16:06:26'),
(576, 'WORKFLOW CHEF DE SERVICE PED ABSENCE NON RéGLEMENTAIRE', 3, 2, 93, 28, 3, 14, NULL, NULL, 0, '2021-01-21 16:06:26'),
(577, 'WORKFLOW CHEF DE SERVICE PED CONGé', 3, 3, 93, 28, 3, 14, NULL, NULL, 0, '2021-01-21 16:06:26'),
(578, 'WORKFLOW CHEF DE SERVICE PED ACCOMPTE SUR SALAIRE', 2, 4, 93, 3, 8, NULL, NULL, NULL, 0, '2021-01-21 16:06:26'),
(579, 'WORKFLOW CHEF DE SERVICE PED AVANCE SUR SALAIRE', 2, 5, 93, 3, 8, NULL, NULL, NULL, 0, '2021-01-21 16:06:26'),
(580, 'WORKFLOW CHEF DE SERVICE PED PRêT', 2, 6, 93, 3, 8, NULL, NULL, NULL, 0, '2021-01-21 16:06:26'),
(581, 'WORKFLOW CHEF DE SERVICE PED MISSION', 3, 7, 93, 28, 3, 14, NULL, NULL, 0, '2021-01-21 16:06:26'),
(582, 'WORKFLOW CHEF DE SERVICE PESAGE GéNéRAL ABSENCE RéGLEMENTAIRE', 3, 1, 4, 2, 7, 3, NULL, NULL, 0, '2021-01-21 16:06:26'),
(583, 'WORKFLOW CHEF DE SERVICE PESAGE GéNéRAL ABSENCE NON RéGLEMENTAIRE', 3, 2, 4, 2, 7, 3, NULL, NULL, 0, '2021-01-21 16:06:26'),
(584, 'WORKFLOW CHEF DE SERVICE PESAGE GéNéRAL CONGé', 3, 3, 4, 2, 7, 3, NULL, NULL, 0, '2021-01-21 16:06:26'),
(585, 'WORKFLOW CHEF DE SERVICE PESAGE GéNéRAL ACCOMPTE SUR SALAIRE', 2, 4, 4, 3, 8, NULL, NULL, NULL, 0, '2021-01-21 16:06:26'),
(586, 'WORKFLOW CHEF DE SERVICE PESAGE GéNéRAL AVANCE SUR SALAIRE', 2, 5, 4, 3, 8, NULL, NULL, NULL, 0, '2021-01-21 16:06:26'),
(587, 'WORKFLOW CHEF DE SERVICE PESAGE GéNéRAL PRêT', 2, 6, 4, 3, 8, NULL, NULL, NULL, 0, '2021-01-21 16:06:26'),
(588, 'WORKFLOW CHEF DE SERVICE PESAGE GéNéRAL MISSION', 3, 7, 4, 2, 7, 3, NULL, NULL, 0, '2021-01-21 16:06:26'),
(589, 'WORKFLOW CHEF DE SERVICE PNSF ABSENCE RéGLEMENTAIRE', 3, 1, 10, 9, 7, 3, NULL, NULL, 0, '2021-01-21 16:06:26'),
(590, 'WORKFLOW CHEF DE SERVICE PNSF ABSENCE NON RéGLEMENTAIRE', 3, 2, 10, 9, 7, 3, NULL, NULL, 0, '2021-01-21 16:06:26'),
(591, 'WORKFLOW CHEF DE SERVICE PNSF CONGé', 3, 3, 10, 9, 7, 3, NULL, NULL, 0, '2021-01-21 16:06:26'),
(592, 'WORKFLOW CHEF DE SERVICE PNSF ACCOMPTE SUR SALAIRE', 2, 4, 10, 3, 8, NULL, NULL, NULL, 0, '2021-01-21 16:06:26'),
(593, 'WORKFLOW CHEF DE SERVICE PNSF AVANCE SUR SALAIRE', 2, 5, 10, 3, 8, NULL, NULL, NULL, 0, '2021-01-21 16:06:26'),
(594, 'WORKFLOW CHEF DE SERVICE PNSF PRêT', 2, 6, 10, 3, 8, NULL, NULL, NULL, 0, '2021-01-21 16:06:26'),
(595, 'WORKFLOW CHEF DE SERVICE PNSF MISSION', 3, 7, 10, 9, 7, 3, NULL, NULL, 0, '2021-01-21 16:06:26'),
(596, 'WORKFLOW CHEF DE SERVICE REPORTING ABSENCE RéGLEMENTAIRE', 3, 1, 38, 37, 8, 3, NULL, NULL, 0, '2021-01-21 16:06:26'),
(597, 'WORKFLOW CHEF DE SERVICE REPORTING ABSENCE NON RéGLEMENTAIRE', 3, 2, 38, 37, 8, 3, NULL, NULL, 0, '2021-01-21 16:06:26'),
(598, 'WORKFLOW CHEF DE SERVICE REPORTING CONGé', 3, 3, 38, 37, 8, 3, NULL, NULL, 0, '2021-01-21 16:06:26'),
(599, 'WORKFLOW CHEF DE SERVICE REPORTING ACCOMPTE SUR SALAIRE', 2, 4, 38, 3, 8, NULL, NULL, NULL, 0, '2021-01-21 16:06:26'),
(600, 'WORKFLOW CHEF DE SERVICE REPORTING AVANCE SUR SALAIRE', 2, 5, 38, 3, 8, NULL, NULL, NULL, 0, '2021-01-21 16:06:26'),
(601, 'WORKFLOW CHEF DE SERVICE REPORTING PRêT', 2, 6, 38, 3, 8, NULL, NULL, NULL, 0, '2021-01-21 16:06:26'),
(602, 'WORKFLOW CHEF DE SERVICE REPORTING MISSION', 3, 7, 38, 37, 8, 3, NULL, NULL, 0, '2021-01-21 16:06:26'),
(603, 'WORKFLOW CHEF DU DéPARTEMENT DE L''INTELLIGENCE ÉCONOMIQUE ABSENCE RéGLEMENTAIRE', 3, 1, 59, 27, 3, 14, NULL, NULL, 0, '2021-01-21 16:06:26'),
(604, 'WORKFLOW CHEF DU DéPARTEMENT DE L''INTELLIGENCE ÉCONOMIQUE ABSENCE NON RéGLEMENTAIRE', 3, 2, 59, 27, 3, 14, NULL, NULL, 0, '2021-01-21 16:06:26'),
(605, 'WORKFLOW CHEF DU DéPARTEMENT DE L''INTELLIGENCE ÉCONOMIQUE CONGé', 3, 3, 59, 27, 3, 14, NULL, NULL, 0, '2021-01-21 16:06:26'),
(606, 'WORKFLOW CHEF DU DéPARTEMENT DE L''INTELLIGENCE ÉCONOMIQUE ACCOMPTE SUR SALAIRE', 2, 4, 59, 3, 8, NULL, NULL, NULL, 0, '2021-01-21 16:06:26'),
(607, 'WORKFLOW CHEF DU DéPARTEMENT DE L''INTELLIGENCE ÉCONOMIQUE AVANCE SUR SALAIRE', 2, 5, 59, 3, 8, NULL, NULL, NULL, 0, '2021-01-21 16:06:26'),
(608, 'WORKFLOW CHEF DU DéPARTEMENT DE L''INTELLIGENCE ÉCONOMIQUE PRêT', 2, 6, 59, 3, 8, NULL, NULL, NULL, 0, '2021-01-21 16:06:26'),
(609, 'WORKFLOW CHEF DU DéPARTEMENT DE L''INTELLIGENCE ÉCONOMIQUE MISSION', 3, 7, 59, 27, 3, 14, NULL, NULL, 0, '2021-01-21 16:06:26'),
(610, 'WORKFLOW CHEF DU DéPARTEMENT DE LA FORMATION PROFESSIONNELLE ET CONTINUE ABSENCE RéGLEMENTAIRE', 3, 1, 61, 28, 3, 14, NULL, NULL, 0, '2021-01-21 16:06:26'),
(611, 'WORKFLOW CHEF DU DéPARTEMENT DE LA FORMATION PROFESSIONNELLE ET CONTINUE ABSENCE NON RéGLEMENTAIRE', 3, 2, 61, 28, 3, 14, NULL, NULL, 0, '2021-01-21 16:06:26'),
(612, 'WORKFLOW CHEF DU DéPARTEMENT DE LA FORMATION PROFESSIONNELLE ET CONTINUE CONGé', 3, 3, 61, 28, 3, 14, NULL, NULL, 0, '2021-01-21 16:06:26'),
(613, 'WORKFLOW CHEF DU DéPARTEMENT DE LA FORMATION PROFESSIONNELLE ET CONTINUE ACCOMPTE SUR SALAIRE', 2, 4, 61, 3, 8, NULL, NULL, NULL, 0, '2021-01-21 16:06:26'),
(614, 'WORKFLOW CHEF DU DéPARTEMENT DE LA FORMATION PROFESSIONNELLE ET CONTINUE AVANCE SUR SALAIRE', 2, 5, 61, 3, 8, NULL, NULL, NULL, 0, '2021-01-21 16:06:26'),
(615, 'WORKFLOW CHEF DU DéPARTEMENT DE LA FORMATION PROFESSIONNELLE ET CONTINUE PRêT', 2, 6, 61, 3, 8, NULL, NULL, NULL, 0, '2021-01-21 16:06:26'),
(616, 'WORKFLOW CHEF DU DéPARTEMENT DE LA FORMATION PROFESSIONNELLE ET CONTINUE MISSION', 3, 7, 61, 28, 3, 14, NULL, NULL, 0, '2021-01-21 16:06:26'),
(617, 'WORKFLOW CONSEILLER D''éDUCATION AU SERVICE PED ABSENCE RéGLEMENTAIRE', 3, 1, 100, 93, 28, 3, NULL, NULL, 0, '2021-01-21 16:06:26'),
(618, 'WORKFLOW CONSEILLER D''éDUCATION AU SERVICE PED ABSENCE NON RéGLEMENTAIRE', 3, 2, 100, 93, 28, 3, NULL, NULL, 0, '2021-01-21 16:06:26'),
(619, 'WORKFLOW CONSEILLER D''éDUCATION AU SERVICE PED CONGé', 3, 3, 100, 93, 28, 3, NULL, NULL, 0, '2021-01-21 16:06:26'),
(620, 'WORKFLOW CONSEILLER D''éDUCATION AU SERVICE PED ACCOMPTE SUR SALAIRE', 2, 4, 100, 3, 8, NULL, NULL, NULL, 0, '2021-01-21 16:06:26'),
(621, 'WORKFLOW CONSEILLER D''éDUCATION AU SERVICE PED AVANCE SUR SALAIRE', 2, 5, 100, 3, 8, NULL, NULL, NULL, 0, '2021-01-21 16:06:26'),
(622, 'WORKFLOW CONSEILLER D''éDUCATION AU SERVICE PED PRêT', 2, 6, 100, 3, 8, NULL, NULL, NULL, 0, '2021-01-21 16:06:26'),
(623, 'WORKFLOW CONSEILLER D''éDUCATION AU SERVICE PED MISSION', 3, 7, 100, 93, 28, 3, NULL, NULL, 0, '2021-01-21 16:06:26'),
(624, 'WORKFLOW CONTRôLE DE GESTION ABSENCE RéGLEMENTAIRE', 2, 1, 56, 14, 3, NULL, NULL, NULL, 0, '2021-01-21 16:06:26'),
(625, 'WORKFLOW CONTRôLE DE GESTION ABSENCE NON RéGLEMENTAIRE', 2, 2, 56, 14, 3, NULL, NULL, NULL, 0, '2021-01-21 16:06:26'),
(626, 'WORKFLOW CONTRôLE DE GESTION CONGé', 2, 3, 56, 14, 3, NULL, NULL, NULL, 0, '2021-01-21 16:06:26'),
(627, 'WORKFLOW CONTRôLE DE GESTION ACCOMPTE SUR SALAIRE', 2, 4, 56, 3, 8, NULL, NULL, NULL, 0, '2021-01-21 16:06:26'),
(628, 'WORKFLOW CONTRôLE DE GESTION AVANCE SUR SALAIRE', 2, 5, 56, 3, 8, NULL, NULL, NULL, 0, '2021-01-21 16:06:26'),
(629, 'WORKFLOW CONTRôLE DE GESTION PRêT', 2, 6, 56, 3, 8, NULL, NULL, NULL, 0, '2021-01-21 16:06:26'),
(630, 'WORKFLOW CONTRôLE DE GESTION MISSION', 2, 7, 56, 14, 3, NULL, NULL, NULL, 0, '2021-01-21 16:06:26'),
(631, 'WORKFLOW DIRECTEUR DE L''ADMINISTRATION ET DES FINANCES ABSENCE RéGLEMENTAIRE', 2, 1, 8, 3, 14, NULL, NULL, NULL, 0, '2021-01-21 16:06:26'),
(632, 'WORKFLOW DIRECTEUR DE L''ADMINISTRATION ET DES FINANCES ABSENCE NON RéGLEMENTAIRE', 2, 2, 8, 3, 14, NULL, NULL, NULL, 0, '2021-01-21 16:06:26'),
(633, 'WORKFLOW DIRECTEUR DE L''ADMINISTRATION ET DES FINANCES CONGé', 2, 3, 8, 3, 14, NULL, NULL, NULL, 0, '2021-01-21 16:06:26'),
(634, 'WORKFLOW DIRECTEUR DE L''ADMINISTRATION ET DES FINANCES ACCOMPTE SUR SALAIRE', 1, 4, 8, 3, NULL, NULL, NULL, NULL, 0, '2021-01-21 16:06:26'),
(635, 'WORKFLOW DIRECTEUR DE L''ADMINISTRATION ET DES FINANCES AVANCE SUR SALAIRE', 1, 5, 8, 3, NULL, NULL, NULL, NULL, 0, '2021-01-21 16:06:26'),
(636, 'WORKFLOW DIRECTEUR DE L''ADMINISTRATION ET DES FINANCES PRêT', 1, 6, 8, 3, NULL, NULL, NULL, NULL, 0, '2021-01-21 16:06:26'),
(637, 'WORKFLOW DIRECTEUR DE L''ADMINISTRATION ET DES FINANCES MISSION', 2, 7, 8, 3, 14, NULL, NULL, NULL, 0, '2021-01-21 16:06:26'),
(638, 'WORKFLOW DIRECTEUR DE L''APPUI AUX ENTREPRISE ET DE LA PROMOTION DU SECTEUR PRIVE ABSENCE RéGLEMENTAIRE', 2, 1, 26, 3, 14, NULL, NULL, NULL, 0, '2021-01-21 16:06:26'),
(639, 'WORKFLOW DIRECTEUR DE L''APPUI AUX ENTREPRISE ET DE LA PROMOTION DU SECTEUR PRIVE ABSENCE NON RéGLEMENTAIRE', 2, 2, 26, 3, 14, NULL, NULL, NULL, 0, '2021-01-21 16:06:26'),
(640, 'WORKFLOW DIRECTEUR DE L''APPUI AUX ENTREPRISE ET DE LA PROMOTION DU SECTEUR PRIVE CONGé', 2, 3, 26, 3, 14, NULL, NULL, NULL, 0, '2021-01-21 16:06:26'),
(641, 'WORKFLOW DIRECTEUR DE L''APPUI AUX ENTREPRISE ET DE LA PROMOTION DU SECTEUR PRIVE ACCOMPTE SUR SALAIRE', 2, 4, 26, 3, 8, NULL, NULL, NULL, 0, '2021-01-21 16:06:26'),
(642, 'WORKFLOW DIRECTEUR DE L''APPUI AUX ENTREPRISE ET DE LA PROMOTION DU SECTEUR PRIVE AVANCE SUR SALAIRE', 2, 5, 26, 3, 8, NULL, NULL, NULL, 0, '2021-01-21 16:06:26'),
(643, 'WORKFLOW DIRECTEUR DE L''APPUI AUX ENTREPRISE ET DE LA PROMOTION DU SECTEUR PRIVE PRêT', 2, 6, 26, 3, 8, NULL, NULL, NULL, 0, '2021-01-21 16:06:26'),
(644, 'WORKFLOW DIRECTEUR DE L''APPUI AUX ENTREPRISE ET DE LA PROMOTION DU SECTEUR PRIVE MISSION', 2, 7, 26, 3, 14, NULL, NULL, NULL, 0, '2021-01-21 16:06:26'),
(645, 'WORKFLOW DIRECTEUR DE L''APPUI AUX ENTREPRISES ET DE LA PROMOTION DU SECTEUR PRIVé ABSENCE RéGLEMENTAIRE', 2, 1, 41, 3, 14, NULL, NULL, NULL, 0, '2021-01-21 16:06:26'),
(646, 'WORKFLOW DIRECTEUR DE L''APPUI AUX ENTREPRISES ET DE LA PROMOTION DU SECTEUR PRIVé ABSENCE NON RéGLEMENTAIRE', 2, 2, 41, 3, 14, NULL, NULL, NULL, 0, '2021-01-21 16:06:26'),
(647, 'WORKFLOW DIRECTEUR DE L''APPUI AUX ENTREPRISES ET DE LA PROMOTION DU SECTEUR PRIVé CONGé', 2, 3, 41, 3, 14, NULL, NULL, NULL, 0, '2021-01-21 16:06:26'),
(648, 'WORKFLOW DIRECTEUR DE L''APPUI AUX ENTREPRISES ET DE LA PROMOTION DU SECTEUR PRIVé ACCOMPTE SUR SALAIRE', 2, 4, 41, 3, 8, NULL, NULL, NULL, 0, '2021-01-21 16:06:26'),
(649, 'WORKFLOW DIRECTEUR DE L''APPUI AUX ENTREPRISES ET DE LA PROMOTION DU SECTEUR PRIVé AVANCE SUR SALAIRE', 2, 5, 41, 3, 8, NULL, NULL, NULL, 0, '2021-01-21 16:06:26'),
(650, 'WORKFLOW DIRECTEUR DE L''APPUI AUX ENTREPRISES ET DE LA PROMOTION DU SECTEUR PRIVé PRêT', 2, 6, 41, 3, 8, NULL, NULL, NULL, 0, '2021-01-21 16:06:26'),
(651, 'WORKFLOW DIRECTEUR DE L''APPUI AUX ENTREPRISES ET DE LA PROMOTION DU SECTEUR PRIVé MISSION', 2, 7, 41, 3, 14, NULL, NULL, NULL, 0, '2021-01-21 16:06:26'),
(652, 'WORKFLOW DIRECTEUR DE LA COUR D''ARBITRAGE DE COTE D''IVOIRE ABSENCE RéGLEMENTAIRE', 2, 1, 25, 3, 14, NULL, NULL, NULL, 0, '2021-01-21 16:06:26'),
(653, 'WORKFLOW DIRECTEUR DE LA COUR D''ARBITRAGE DE COTE D''IVOIRE ABSENCE NON RéGLEMENTAIRE', 2, 2, 25, 3, 14, NULL, NULL, NULL, 0, '2021-01-21 16:06:26'),
(654, 'WORKFLOW DIRECTEUR DE LA COUR D''ARBITRAGE DE COTE D''IVOIRE CONGé', 2, 3, 25, 3, 14, NULL, NULL, NULL, 0, '2021-01-21 16:06:26'),
(655, 'WORKFLOW DIRECTEUR DE LA COUR D''ARBITRAGE DE COTE D''IVOIRE ACCOMPTE SUR SALAIRE', 2, 4, 25, 3, 8, NULL, NULL, NULL, 0, '2021-01-21 16:06:26'),
(656, 'WORKFLOW DIRECTEUR DE LA COUR D''ARBITRAGE DE COTE D''IVOIRE AVANCE SUR SALAIRE', 2, 5, 25, 3, 8, NULL, NULL, NULL, 0, '2021-01-21 16:06:26'),
(657, 'WORKFLOW DIRECTEUR DE LA COUR D''ARBITRAGE DE COTE D''IVOIRE PRêT', 2, 6, 25, 3, 8, NULL, NULL, NULL, 0, '2021-01-21 16:06:26'),
(658, 'WORKFLOW DIRECTEUR DE LA COUR D''ARBITRAGE DE COTE D''IVOIRE MISSION', 2, 7, 25, 3, 14, NULL, NULL, NULL, 0, '2021-01-21 16:06:26'),
(659, 'WORKFLOW DIRECTEUR DE LA FORMATION ABSENCE RéGLEMENTAIRE', 2, 1, 28, 3, 14, NULL, NULL, NULL, 0, '2021-01-21 16:06:26'),
(660, 'WORKFLOW DIRECTEUR DE LA FORMATION ABSENCE NON RéGLEMENTAIRE', 2, 2, 28, 3, 14, NULL, NULL, NULL, 0, '2021-01-21 16:06:26'),
(661, 'WORKFLOW DIRECTEUR DE LA FORMATION CONGé', 2, 3, 28, 3, 14, NULL, NULL, NULL, 0, '2021-01-21 16:06:26'),
(662, 'WORKFLOW DIRECTEUR DE LA FORMATION ACCOMPTE SUR SALAIRE', 2, 4, 28, 3, 8, NULL, NULL, NULL, 0, '2021-01-21 16:06:26'),
(663, 'WORKFLOW DIRECTEUR DE LA FORMATION AVANCE SUR SALAIRE', 2, 5, 28, 3, 8, NULL, NULL, NULL, 0, '2021-01-21 16:06:26'),
(664, 'WORKFLOW DIRECTEUR DE LA FORMATION PRêT', 2, 6, 28, 3, 8, NULL, NULL, NULL, 0, '2021-01-21 16:06:26'),
(665, 'WORKFLOW DIRECTEUR DE LA FORMATION MISSION', 2, 7, 28, 3, 14, NULL, NULL, NULL, 0, '2021-01-21 16:06:26'),
(666, 'WORKFLOW DIRECTEUR DES ÉTUDES ET DES INFORMATIONS ÉCONOMIQUES ABSENCE RéGLEMENTAIRE', 2, 1, 27, 3, 14, NULL, NULL, NULL, 0, '2021-01-21 16:06:26'),
(667, 'WORKFLOW DIRECTEUR DES ÉTUDES ET DES INFORMATIONS ÉCONOMIQUES ABSENCE NON RéGLEMENTAIRE', 2, 2, 27, 3, 14, NULL, NULL, NULL, 0, '2021-01-21 16:06:26'),
(668, 'WORKFLOW DIRECTEUR DES ÉTUDES ET DES INFORMATIONS ÉCONOMIQUES CONGé', 2, 3, 27, 3, 14, NULL, NULL, NULL, 0, '2021-01-21 16:06:26'),
(669, 'WORKFLOW DIRECTEUR DES ÉTUDES ET DES INFORMATIONS ÉCONOMIQUES ACCOMPTE SUR SALAIRE', 2, 4, 27, 3, 8, NULL, NULL, NULL, 0, '2021-01-21 16:06:26'),
(670, 'WORKFLOW DIRECTEUR DES ÉTUDES ET DES INFORMATIONS ÉCONOMIQUES AVANCE SUR SALAIRE', 2, 5, 27, 3, 8, NULL, NULL, NULL, 0, '2021-01-21 16:06:26'),
(671, 'WORKFLOW DIRECTEUR DES ÉTUDES ET DES INFORMATIONS ÉCONOMIQUES PRêT', 2, 6, 27, 3, 8, NULL, NULL, NULL, 0, '2021-01-21 16:06:26'),
(672, 'WORKFLOW DIRECTEUR DES ÉTUDES ET DES INFORMATIONS ÉCONOMIQUES MISSION', 2, 7, 27, 3, 14, NULL, NULL, NULL, 0, '2021-01-21 16:06:26'),
(673, 'WORKFLOW DIRECTEUR DES INFRASTRUCTURES ET DES SERVICES CONCEDES ABSENCE RéGLEMENTAIRE', 2, 1, 7, 3, 14, NULL, NULL, NULL, 0, '2021-01-21 16:06:26'),
(674, 'WORKFLOW DIRECTEUR DES INFRASTRUCTURES ET DES SERVICES CONCEDES ABSENCE NON RéGLEMENTAIRE', 2, 2, 7, 3, 14, NULL, NULL, NULL, 0, '2021-01-21 16:06:26'),
(675, 'WORKFLOW DIRECTEUR DES INFRASTRUCTURES ET DES SERVICES CONCEDES CONGé', 2, 3, 7, 3, 14, NULL, NULL, NULL, 0, '2021-01-21 16:06:26'),
(676, 'WORKFLOW DIRECTEUR DES INFRASTRUCTURES ET DES SERVICES CONCEDES ACCOMPTE SUR SALAIRE', 2, 4, 7, 3, 8, NULL, NULL, NULL, 0, '2021-01-21 16:06:26'),
(677, 'WORKFLOW DIRECTEUR DES INFRASTRUCTURES ET DES SERVICES CONCEDES AVANCE SUR SALAIRE', 2, 5, 7, 3, 8, NULL, NULL, NULL, 0, '2021-01-21 16:06:26'),
(678, 'WORKFLOW DIRECTEUR DES INFRASTRUCTURES ET DES SERVICES CONCEDES PRêT', 2, 6, 7, 3, 8, NULL, NULL, NULL, 0, '2021-01-21 16:06:26'),
(679, 'WORKFLOW DIRECTEUR DES INFRASTRUCTURES ET DES SERVICES CONCEDES MISSION', 2, 7, 7, 3, 14, NULL, NULL, NULL, 0, '2021-01-21 16:06:26'),
(680, 'WORKFLOW DIRECTEUR DES RESSOURCES HUMAINES ET DE LA COMMUNICATION ABSENCE RéGLEMENTAIRE', 1, 1, 3, 14, NULL, NULL, NULL, NULL, 0, '2021-01-21 16:06:26'),
(681, 'WORKFLOW DIRECTEUR DES RESSOURCES HUMAINES ET DE LA COMMUNICATION ABSENCE NON RéGLEMENTAIRE', 1, 2, 3, 14, NULL, NULL, NULL, NULL, 0, '2021-01-21 16:06:26'),
(682, 'WORKFLOW DIRECTEUR DES RESSOURCES HUMAINES ET DE LA COMMUNICATION CONGé', 1, 3, 3, 14, NULL, NULL, NULL, NULL, 0, '2021-01-21 16:06:26'),
(683, 'WORKFLOW DIRECTEUR DES RESSOURCES HUMAINES ET DE LA COMMUNICATION ACCOMPTE SUR SALAIRE', 1, 4, 3, 8, NULL, NULL, NULL, NULL, 0, '2021-01-21 16:06:26'),
(684, 'WORKFLOW DIRECTEUR DES RESSOURCES HUMAINES ET DE LA COMMUNICATION AVANCE SUR SALAIRE', 1, 5, 3, 8, NULL, NULL, NULL, NULL, 0, '2021-01-21 16:06:26'),
(685, 'WORKFLOW DIRECTEUR DES RESSOURCES HUMAINES ET DE LA COMMUNICATION PRêT', 1, 6, 3, 8, NULL, NULL, NULL, NULL, 0, '2021-01-21 16:06:26'),
(686, 'WORKFLOW DIRECTEUR DES RESSOURCES HUMAINES ET DE LA COMMUNICATION MISSION', 1, 7, 3, 14, NULL, NULL, NULL, NULL, 0, '2021-01-21 16:06:26'),
(687, 'WORKFLOW EDUCATEUR AU SERVICE PED ABSENCE RéGLEMENTAIRE', 4, 1, 102, 100, 93, 28, 3, NULL, 0, '2021-01-21 16:06:26'),
(688, 'WORKFLOW EDUCATEUR AU SERVICE PED ABSENCE NON RéGLEMENTAIRE', 4, 2, 102, 100, 93, 28, 3, NULL, 0, '2021-01-21 16:06:26'),
(689, 'WORKFLOW EDUCATEUR AU SERVICE PED CONGé', 4, 3, 102, 100, 93, 28, 3, NULL, 0, '2021-01-21 16:06:26'),
(690, 'WORKFLOW EDUCATEUR AU SERVICE PED ACCOMPTE SUR SALAIRE', 2, 4, 102, 3, 8, NULL, NULL, NULL, 0, '2021-01-21 16:06:26'),
(691, 'WORKFLOW EDUCATEUR AU SERVICE PED AVANCE SUR SALAIRE', 2, 5, 102, 3, 8, NULL, NULL, NULL, 0, '2021-01-21 16:06:26'),
(692, 'WORKFLOW EDUCATEUR AU SERVICE PED PRêT', 2, 6, 102, 3, 8, NULL, NULL, NULL, 0, '2021-01-21 16:06:26'),
(693, 'WORKFLOW EDUCATEUR AU SERVICE PED MISSION', 4, 7, 102, 100, 93, 28, 3, NULL, 0, '2021-01-21 16:06:26'),
(694, 'WORKFLOW FORMATEUR AU SERVICE PED ABSENCE RéGLEMENTAIRE', 4, 1, 104, 101, 93, 28, 3, NULL, 0, '2021-01-21 16:06:26'),
(695, 'WORKFLOW FORMATEUR AU SERVICE PED ABSENCE NON RéGLEMENTAIRE', 4, 2, 104, 101, 93, 28, 3, NULL, 0, '2021-01-21 16:06:26'),
(696, 'WORKFLOW FORMATEUR AU SERVICE PED CONGé', 4, 3, 104, 101, 93, 28, 3, NULL, 0, '2021-01-21 16:06:26'),
(697, 'WORKFLOW FORMATEUR AU SERVICE PED ACCOMPTE SUR SALAIRE', 2, 4, 104, 3, 8, NULL, NULL, NULL, 0, '2021-01-21 16:06:26'),
(698, 'WORKFLOW FORMATEUR AU SERVICE PED AVANCE SUR SALAIRE', 2, 5, 104, 3, 8, NULL, NULL, NULL, 0, '2021-01-21 16:06:26'),
(699, 'WORKFLOW FORMATEUR AU SERVICE PED PRêT', 2, 6, 104, 3, 8, NULL, NULL, NULL, 0, '2021-01-21 16:06:26'),
(700, 'WORKFLOW FORMATEUR AU SERVICE PED MISSION', 4, 7, 104, 101, 93, 28, 3, NULL, 0, '2021-01-21 16:06:26'),
(701, 'WORKFLOW PRéSIDENT ABSENCE RéGLEMENTAIRE', 1, 1, 15, 3, NULL, NULL, NULL, NULL, 0, '2021-01-21 16:06:26'),
(702, 'WORKFLOW PRéSIDENT ABSENCE NON RéGLEMENTAIRE', 1, 2, 15, 3, NULL, NULL, NULL, NULL, 0, '2021-01-21 16:06:26'),
(703, 'WORKFLOW PRéSIDENT CONGé', 1, 3, 15, 3, NULL, NULL, NULL, NULL, 0, '2021-01-21 16:06:26'),
(704, 'WORKFLOW PRéSIDENT ACCOMPTE SUR SALAIRE', 2, 4, 15, 3, 8, NULL, NULL, NULL, 0, '2021-01-21 16:06:26'),
(705, 'WORKFLOW PRéSIDENT AVANCE SUR SALAIRE', 2, 5, 15, 3, 8, NULL, NULL, NULL, 0, '2021-01-21 16:06:26'),
(706, 'WORKFLOW PRéSIDENT PRêT', 2, 6, 15, 3, 8, NULL, NULL, NULL, 0, '2021-01-21 16:06:26'),
(707, 'WORKFLOW PRéSIDENT MISSION', 1, 7, 15, 3, NULL, NULL, NULL, NULL, 0, '2021-01-21 16:06:26'),
(708, 'WORKFLOW RESPONSABLE CELLULE TRIE SAN PEDRO ABSENCE RéGLEMENTAIRE', 3, 1, 71, 64, 7, 3, NULL, NULL, 0, '2021-01-21 16:06:26'),
(709, 'WORKFLOW RESPONSABLE CELLULE TRIE SAN PEDRO ABSENCE NON RéGLEMENTAIRE', 3, 2, 71, 64, 7, 3, NULL, NULL, 0, '2021-01-21 16:06:26'),
(710, 'WORKFLOW RESPONSABLE CELLULE TRIE SAN PEDRO CONGé', 3, 3, 71, 64, 7, 3, NULL, NULL, 0, '2021-01-21 16:06:26'),
(711, 'WORKFLOW RESPONSABLE CELLULE TRIE SAN PEDRO ACCOMPTE SUR SALAIRE', 2, 4, 71, 3, 8, NULL, NULL, NULL, 0, '2021-01-21 16:06:26'),
(712, 'WORKFLOW RESPONSABLE CELLULE TRIE SAN PEDRO AVANCE SUR SALAIRE', 2, 5, 71, 3, 8, NULL, NULL, NULL, 0, '2021-01-21 16:06:26'),
(713, 'WORKFLOW RESPONSABLE CELLULE TRIE SAN PEDRO PRêT', 2, 6, 71, 3, 8, NULL, NULL, NULL, 0, '2021-01-21 16:06:26'),
(714, 'WORKFLOW RESPONSABLE CELLULE TRIE SAN PEDRO MISSION', 3, 7, 71, 64, 7, 3, NULL, NULL, 0, '2021-01-21 16:06:26'),
(715, 'WORKFLOW RESPONSABLE DU CENTRE D''ETDE ET DE LANGUE ABSENCE RéGLEMENTAIRE', 3, 1, 105, 28, 3, 14, NULL, NULL, 0, '2021-01-21 16:06:26'),
(716, 'WORKFLOW RESPONSABLE DU CENTRE D''ETDE ET DE LANGUE ABSENCE NON RéGLEMENTAIRE', 3, 2, 105, 28, 3, 14, NULL, NULL, 0, '2021-01-21 16:06:26'),
(717, 'WORKFLOW RESPONSABLE DU CENTRE D''ETDE ET DE LANGUE CONGé', 3, 3, 105, 28, 3, 14, NULL, NULL, 0, '2021-01-21 16:06:26'),
(718, 'WORKFLOW RESPONSABLE DU CENTRE D''ETDE ET DE LANGUE ACCOMPTE SUR SALAIRE', 2, 4, 105, 3, 8, NULL, NULL, NULL, 0, '2021-01-21 16:06:26'),
(719, 'WORKFLOW RESPONSABLE DU CENTRE D''ETDE ET DE LANGUE AVANCE SUR SALAIRE', 2, 5, 105, 3, 8, NULL, NULL, NULL, 0, '2021-01-21 16:06:26'),
(720, 'WORKFLOW RESPONSABLE DU CENTRE D''ETDE ET DE LANGUE PRêT', 2, 6, 105, 3, 8, NULL, NULL, NULL, 0, '2021-01-21 16:06:26'),
(721, 'WORKFLOW RESPONSABLE DU CENTRE D''ETDE ET DE LANGUE MISSION', 3, 7, 105, 28, 3, 14, NULL, NULL, 0, '2021-01-21 16:06:26'),
(722, 'WORKFLOW RESPONSABLE GESTION DES ELUS ABSENCE RéGLEMENTAIRE', 2, 1, 17, 15, 3, NULL, NULL, NULL, 0, '2021-01-21 16:06:26'),
(723, 'WORKFLOW RESPONSABLE GESTION DES ELUS ABSENCE NON RéGLEMENTAIRE', 2, 2, 17, 15, 3, NULL, NULL, NULL, 0, '2021-01-21 16:06:26'),
(724, 'WORKFLOW RESPONSABLE GESTION DES ELUS CONGé', 2, 3, 17, 15, 3, NULL, NULL, NULL, 0, '2021-01-21 16:06:26'),
(725, 'WORKFLOW RESPONSABLE GESTION DES ELUS ACCOMPTE SUR SALAIRE', 2, 4, 17, 3, 8, NULL, NULL, NULL, 0, '2021-01-21 16:06:26'),
(726, 'WORKFLOW RESPONSABLE GESTION DES ELUS AVANCE SUR SALAIRE', 2, 5, 17, 3, 8, NULL, NULL, NULL, 0, '2021-01-21 16:06:26'),
(727, 'WORKFLOW RESPONSABLE GESTION DES ELUS PRêT', 2, 6, 17, 3, 8, NULL, NULL, NULL, 0, '2021-01-21 16:06:26'),
(728, 'WORKFLOW RESPONSABLE GESTION DES ELUS MISSION', 2, 7, 17, 15, 3, NULL, NULL, NULL, 0, '2021-01-21 16:06:26'),
(729, 'WORKFLOW RESPONSABLE QUALITé ABSENCE RéGLEMENTAIRE', 2, 1, 92, 28, 3, NULL, NULL, NULL, 0, '2021-01-21 16:06:26'),
(730, 'WORKFLOW RESPONSABLE QUALITé ABSENCE NON RéGLEMENTAIRE', 2, 2, 92, 28, 3, NULL, NULL, NULL, 0, '2021-01-21 16:06:26'),
(731, 'WORKFLOW RESPONSABLE QUALITé CONGé', 2, 3, 92, 28, 3, NULL, NULL, NULL, 0, '2021-01-21 16:06:26'),
(732, 'WORKFLOW RESPONSABLE QUALITé ACCOMPTE SUR SALAIRE', 2, 4, 92, 3, 8, NULL, NULL, NULL, 0, '2021-01-21 16:06:26'),
(733, 'WORKFLOW RESPONSABLE QUALITé AVANCE SUR SALAIRE', 2, 5, 92, 3, 8, NULL, NULL, NULL, 0, '2021-01-21 16:06:26'),
(734, 'WORKFLOW RESPONSABLE QUALITé PRêT', 2, 6, 92, 3, 8, NULL, NULL, NULL, 0, '2021-01-21 16:06:26'),
(735, 'WORKFLOW RESPONSABLE QUALITé MISSION', 2, 7, 92, 28, 3, NULL, NULL, NULL, 0, '2021-01-21 16:06:26'),
(736, 'WORKFLOW SECRéTAIRE DU DRH  ABSENCE RéGLEMENTAIRE', 1, 1, 52, 3, NULL, NULL, NULL, NULL, 0, '2021-01-21 16:06:26'),
(737, 'WORKFLOW SECRéTAIRE DU DRH  ABSENCE NON RéGLEMENTAIRE', 1, 2, 52, 3, NULL, NULL, NULL, NULL, 0, '2021-01-21 16:06:26'),
(738, 'WORKFLOW SECRéTAIRE DU DRH  CONGé', 1, 3, 52, 3, NULL, NULL, NULL, NULL, 0, '2021-01-21 16:06:26'),
(739, 'WORKFLOW SECRéTAIRE DU DRH  ACCOMPTE SUR SALAIRE', 2, 4, 52, 3, 8, NULL, NULL, NULL, 0, '2021-01-21 16:06:26'),
(740, 'WORKFLOW SECRéTAIRE DU DRH  AVANCE SUR SALAIRE', 2, 5, 52, 3, 8, NULL, NULL, NULL, 0, '2021-01-21 16:06:26'),
(741, 'WORKFLOW SECRéTAIRE DU DRH  PRêT', 2, 6, 52, 3, 8, NULL, NULL, NULL, 0, '2021-01-21 16:06:26'),
(742, 'WORKFLOW SECRéTAIRE DU DRH  MISSION', 1, 7, 52, 3, NULL, NULL, NULL, NULL, 0, '2021-01-21 16:06:26'),
(743, 'WORKFLOW SéCRETAIRE GENERAL ABSENCE RéGLEMENTAIRE', 1, 1, 14, 3, NULL, NULL, NULL, NULL, 0, '2021-01-21 16:06:26'),
(744, 'WORKFLOW SéCRETAIRE GENERAL ABSENCE NON RéGLEMENTAIRE', 1, 2, 14, 3, NULL, NULL, NULL, NULL, 0, '2021-01-21 16:06:26'),
(745, 'WORKFLOW SéCRETAIRE GENERAL CONGé', 1, 3, 14, 3, NULL, NULL, NULL, NULL, 0, '2021-01-21 16:06:26'),
(746, 'WORKFLOW SéCRETAIRE GENERAL ACCOMPTE SUR SALAIRE', 2, 4, 14, 3, 8, NULL, NULL, NULL, 0, '2021-01-21 16:06:26'),
(747, 'WORKFLOW SéCRETAIRE GENERAL AVANCE SUR SALAIRE', 2, 5, 14, 3, 8, NULL, NULL, NULL, 0, '2021-01-21 16:06:26'),
(748, 'WORKFLOW SéCRETAIRE GENERAL PRêT', 2, 6, 14, 3, 8, NULL, NULL, NULL, 0, '2021-01-21 16:06:26'),
(749, 'WORKFLOW SéCRETAIRE GENERAL MISSION', 1, 7, 14, 3, NULL, NULL, NULL, NULL, 0, '2021-01-21 16:06:26'),
(750, 'WORKFLOW SéCRETARIAT DU DISC ABSENCE RéGLEMENTAIRE', 2, 1, 6, 7, 3, NULL, NULL, NULL, 0, '2021-01-21 16:06:26'),
(751, 'WORKFLOW SéCRETARIAT DU DISC ABSENCE NON RéGLEMENTAIRE', 2, 2, 6, 7, 3, NULL, NULL, NULL, 0, '2021-01-21 16:06:26'),
(752, 'WORKFLOW SéCRETARIAT DU DISC CONGé', 2, 3, 6, 7, 3, NULL, NULL, NULL, 0, '2021-01-21 16:06:26'),
(753, 'WORKFLOW SéCRETARIAT DU DISC ACCOMPTE SUR SALAIRE', 2, 4, 6, 3, 8, NULL, NULL, NULL, 0, '2021-01-21 16:06:26'),
(754, 'WORKFLOW SéCRETARIAT DU DISC AVANCE SUR SALAIRE', 2, 5, 6, 3, 8, NULL, NULL, NULL, 0, '2021-01-21 16:06:26'),
(755, 'WORKFLOW SéCRETARIAT DU DISC PRêT', 2, 6, 6, 3, 8, NULL, NULL, NULL, 0, '2021-01-21 16:06:26'),
(756, 'WORKFLOW SéCRETARIAT DU DISC MISSION', 2, 7, 6, 7, 3, NULL, NULL, NULL, 0, '2021-01-21 16:06:26'),
(757, 'ABSENCE URGENTE POUR ADJOINT AU CHEF DU SERVICE PED ', 2, 8, 101, 93, 28, NULL, NULL, NULL, 0, '2021-05-07 14:08:07'),
(758, 'ABSENCE URGENTE POUR AGENT DU DéPARTEMENT ADMINISTRATION ET PAIE ', 2, 8, 49, 48, 3, NULL, NULL, NULL, 0, '2021-05-07 14:08:07'),
(759, 'ABSENCE URGENTE POUR AGENT DU DéPARTEMENT COMMUNICATION ', 1, 8, 55, 3, NULL, NULL, NULL, NULL, 0, '2021-05-07 14:08:07'),
(760, 'ABSENCE URGENTE POUR ASSISTANCE à LA  DAF ', 1, 8, 23, 8, NULL, NULL, NULL, NULL, 0, '2021-05-07 14:08:07'),
(761, 'ABSENCE URGENTE POUR ASSISTANCE DE DIRECTION CACI ', 1, 8, 19, 25, NULL, NULL, NULL, NULL, 0, '2021-05-07 14:08:07'),
(762, 'ABSENCE URGENTE POUR ASSISTANCE DE DIRECTION DE LA PRéSIDENCE ', 1, 8, 16, 15, NULL, NULL, NULL, NULL, 0, '2021-05-07 14:08:07'),
(763, 'ABSENCE URGENTE POUR ASSISTANCE JURIDIQUE ET ADMINISTRATIVE ', 1, 8, 20, 25, NULL, NULL, NULL, NULL, 0, '2021-05-07 14:08:07'),
(764, 'ABSENCE URGENTE POUR ASSISTANCE RESSOURCES HUMAINES ', 1, 8, 53, 3, NULL, NULL, NULL, NULL, 0, '2021-05-07 14:08:07'),
(765, 'ABSENCE URGENTE POUR ASSISTANT AU RESPONSABLE DU CENTRE D''ETDE ET DE LANGUE ', 2, 8, 106, 105, 28, NULL, NULL, NULL, 0, '2021-05-07 14:08:07'),
(766, 'ABSENCE URGENTE POUR ASSISTANT INFORMATICIEN ', 1, 8, 95, 28, NULL, NULL, NULL, NULL, 0, '2021-05-07 14:08:07'),
(767, 'ABSENCE URGENTE POUR ASSISTANTE ADMINISTRATIVE ET FISCALE ', 1, 8, 108, 28, NULL, NULL, NULL, NULL, 0, '2021-05-07 14:08:07'),
(768, 'ABSENCE URGENTE POUR ASSISTANTE DE DIRECTION à LA DIRECTRICE DE LA FORMATION ', 1, 8, 91, 28, NULL, NULL, NULL, NULL, 0, '2021-05-07 14:08:07'),
(769, 'ABSENCE URGENTE POUR ASSISTANTE DE DIRECTION DU SERVICE PED ', 2, 8, 98, 93, 28, NULL, NULL, NULL, 0, '2021-05-07 14:08:07'),
(770, 'ABSENCE URGENTE POUR CAT ABENGOUROU ', 2, 8, 73, 72, 27, NULL, NULL, NULL, 0, '2021-05-07 14:08:07'),
(771, 'ABSENCE URGENTE POUR CAT ABOISSO ', 2, 8, 74, 72, 27, NULL, NULL, NULL, 0, '2021-05-07 14:08:07'),
(772, 'ABSENCE URGENTE POUR CAT BONDOUKOU ', 2, 8, 75, 72, 27, NULL, NULL, NULL, 0, '2021-05-07 14:08:07'),
(773, 'ABSENCE URGENTE POUR CAT BOUAFLE ', 2, 8, 76, 72, 27, NULL, NULL, NULL, 0, '2021-05-07 14:08:07'),
(774, 'ABSENCE URGENTE POUR CAT BOUAKE ', 2, 8, 77, 72, 27, NULL, NULL, NULL, 0, '2021-05-07 14:08:07'),
(775, 'ABSENCE URGENTE POUR CAT BOUAKE BIS ', 3, 8, 78, 77, 72, 27, NULL, NULL, 0, '2021-05-07 14:08:07'),
(776, 'ABSENCE URGENTE POUR CAT DALOA ', 2, 8, 79, 72, 27, NULL, NULL, NULL, 0, '2021-05-07 14:08:07'),
(777, 'ABSENCE URGENTE POUR CAT DIMBOKRO ', 2, 8, 80, 72, 27, NULL, NULL, NULL, 0, '2021-05-07 14:08:07'),
(778, 'ABSENCE URGENTE POUR CAT DIVO ', 2, 8, 81, 72, 27, NULL, NULL, NULL, 0, '2021-05-07 14:08:07'),
(779, 'ABSENCE URGENTE POUR CAT DUEKOUE ', 2, 8, 82, 72, 27, NULL, NULL, NULL, 0, '2021-05-07 14:08:07'),
(780, 'ABSENCE URGENTE POUR CAT GAGNOA ', 2, 8, 83, 72, 27, NULL, NULL, NULL, 0, '2021-05-07 14:08:07'),
(781, 'ABSENCE URGENTE POUR CAT KORHOGO ', 2, 8, 84, 72, 27, NULL, NULL, NULL, 0, '2021-05-07 14:08:07'),
(782, 'ABSENCE URGENTE POUR CAT MAN ', 2, 8, 88, 72, 27, NULL, NULL, NULL, 0, '2021-05-07 14:08:07'),
(783, 'ABSENCE URGENTE POUR CAT ODIENNE ', 2, 8, 85, 72, 27, NULL, NULL, NULL, 0, '2021-05-07 14:08:07'),
(784, 'ABSENCE URGENTE POUR CAT SAN-PEDRO ', 2, 8, 86, 72, 27, NULL, NULL, NULL, 0, '2021-05-07 14:08:07'),
(785, 'ABSENCE URGENTE POUR CAT SEGUELA ', 2, 8, 87, 72, 27, NULL, NULL, NULL, 0, '2021-05-07 14:08:07'),
(786, 'ABSENCE URGENTE POUR CAT TOUBA ', 2, 8, 89, 72, 27, NULL, NULL, NULL, 0, '2021-05-07 14:08:07'),
(787, 'ABSENCE URGENTE POUR CAT YAMOUSSOUKRO ', 2, 8, 90, 72, 27, NULL, NULL, NULL, 0, '2021-05-07 14:08:07');
INSERT INTO `workflow` (`IDENTIFIANT`, `LIBELLE`, `NIVEAU`, `ID_TYPE_DEMANDE`, `ID_SERVICE`, `STADE1`, `STADE2`, `STADE3`, `STADE4`, `STADE5`, `STATUT`, `DATE_CREATION`) VALUES
(788, 'ABSENCE URGENTE POUR CHARGé PéDAGOGIE ET PROGRAMMES ', 1, 8, 107, 28, NULL, NULL, NULL, NULL, 0, '2021-05-07 14:08:07'),
(789, 'ABSENCE URGENTE POUR CHAUFFEUR DE LA PRéSIDENCE ', 1, 8, 18, 15, NULL, NULL, NULL, NULL, 0, '2021-05-07 14:08:07'),
(790, 'ABSENCE URGENTE POUR CHEF  DU DéPARTEMENT DES MOYENS GéNéRAUX ET DU PATRIMOINE ', 1, 8, 24, 8, NULL, NULL, NULL, NULL, 0, '2021-05-07 14:08:07'),
(791, 'ABSENCE URGENTE POUR CHEF DE DéPARTEMENT ADMINISTRATION ET PAIE ', 1, 8, 48, 3, NULL, NULL, NULL, NULL, 0, '2021-05-07 14:08:07'),
(792, 'ABSENCE URGENTE POUR CHEF DE DéPARTEMENT ANIMATION ET PROMOTION DU SECTEUR PRIVé ', 1, 8, 42, 26, NULL, NULL, NULL, NULL, 0, '2021-05-07 14:08:07'),
(793, 'ABSENCE URGENTE POUR CHEF DE DéPARTEMENT APPUI ET CONSEIL AUX ENTREPRISES ', 1, 8, 44, 26, NULL, NULL, NULL, NULL, 0, '2021-05-07 14:08:07'),
(794, 'ABSENCE URGENTE POUR CHEF DE DéPARTEMENT CHARGé DES PROJETS ', 1, 8, 46, 26, NULL, NULL, NULL, NULL, 0, '2021-05-07 14:08:07'),
(795, 'ABSENCE URGENTE POUR CHEF DE DéPARTEMENT COMPTABLE ET FINANCIER ', 1, 8, 37, 8, NULL, NULL, NULL, NULL, 0, '2021-05-07 14:08:07'),
(796, 'ABSENCE URGENTE POUR CHEF DE DéPARTEMENT DES SYSTèMES D''INFORMATION ', 1, 8, 32, 8, NULL, NULL, NULL, NULL, 0, '2021-05-07 14:08:07'),
(797, 'ABSENCE URGENTE POUR CHEF DE DéPARTEMENT DéVELOPPEMENT DES RESSOURCES HUMAINES ', 1, 8, 54, 3, NULL, NULL, NULL, NULL, 0, '2021-05-07 14:08:07'),
(798, 'ABSENCE URGENTE POUR CHEF DE DéPARTEMENT INFRASTRUCTURE ', 1, 8, 63, 7, NULL, NULL, NULL, NULL, 0, '2021-05-07 14:08:07'),
(799, 'ABSENCE URGENTE POUR CHEF DE DéPARTEMENT JURIDIQUE ', 1, 8, 34, 8, NULL, NULL, NULL, NULL, 0, '2021-05-07 14:08:07'),
(800, 'ABSENCE URGENTE POUR CHEF DE DéPARTEMENT MéDICO-SOCIAL ', 1, 8, 50, 3, NULL, NULL, NULL, NULL, 0, '2021-05-07 14:08:07'),
(801, 'ABSENCE URGENTE POUR CHEF DE DéPARTEMENT PESAGE ET CERTIFICATION DES POIDS ', 1, 8, 2, 7, NULL, NULL, NULL, NULL, 0, '2021-05-07 14:08:07'),
(802, 'ABSENCE URGENTE POUR CHEF DE DéPARTEMENT PNSF ', 1, 8, 9, 7, NULL, NULL, NULL, NULL, 0, '2021-05-07 14:08:07'),
(803, 'ABSENCE URGENTE POUR CHEF DE DéPARTEMENT TéRRITORIAL ET DéVELOPPEMENT DURABLE ', 1, 8, 72, 27, NULL, NULL, NULL, NULL, 0, '2021-05-07 14:08:07'),
(804, 'ABSENCE URGENTE POUR CHEF DE DéPARTEMENT TRéSORERIE ', 1, 8, 30, 8, NULL, NULL, NULL, NULL, 0, '2021-05-07 14:08:07'),
(805, 'ABSENCE URGENTE POUR CHEF DE DéPARTEMENT TRIE ', 1, 8, 64, 7, NULL, NULL, NULL, NULL, 0, '2021-05-07 14:08:07'),
(806, 'ABSENCE URGENTE POUR CHEF DE SERVICE ADMINISTRATIF DE BOUAKé ', 2, 8, 67, 2, 7, NULL, NULL, NULL, 0, '2021-05-07 14:08:07'),
(807, 'ABSENCE URGENTE POUR CHEF DE SERVICE ADMINISTRATIF DE SAN-PEDRO ', 2, 8, 11, 2, 7, NULL, NULL, NULL, 0, '2021-05-07 14:08:07'),
(808, 'ABSENCE URGENTE POUR CHEF DE SERVICE ADMISSION ET SCOLARITé ', 1, 8, 94, 28, NULL, NULL, NULL, NULL, 0, '2021-05-07 14:08:07'),
(809, 'ABSENCE URGENTE POUR CHEF DE SERVICE ARBITRAGE ', 1, 8, 21, 25, NULL, NULL, NULL, NULL, 0, '2021-05-07 14:08:07'),
(810, 'ABSENCE URGENTE POUR CHEF DE SERVICE COMPTABILITé GéNéRALE ', 2, 8, 39, 37, 8, NULL, NULL, NULL, 0, '2021-05-07 14:08:07'),
(811, 'ABSENCE URGENTE POUR CHEF DE SERVICE EXPLOTATION ET RECEVABILITé ', 2, 8, 65, 64, 7, NULL, NULL, NULL, 0, '2021-05-07 14:08:07'),
(812, 'ABSENCE URGENTE POUR CHEF DE SERVICE GéOLOCALISATION ', 2, 8, 66, 64, 7, NULL, NULL, NULL, 0, '2021-05-07 14:08:07'),
(813, 'ABSENCE URGENTE POUR CHEF DE SERVICE JURIDIQUE ET FISCAL ', 2, 8, 35, 34, 8, NULL, NULL, NULL, 0, '2021-05-07 14:08:07'),
(814, 'ABSENCE URGENTE POUR CHEF DE SERVICE MARKETING ET INSERTION PROFESSIONNELLE ', 1, 8, 96, 28, NULL, NULL, NULL, NULL, 0, '2021-05-07 14:08:07'),
(815, 'ABSENCE URGENTE POUR CHEF DE SERVICE MéDIATION ', 1, 8, 22, 25, NULL, NULL, NULL, NULL, 0, '2021-05-07 14:08:07'),
(816, 'ABSENCE URGENTE POUR CHEF DE SERVICE MéTROLOGIE ', 2, 8, 13, 2, 7, NULL, NULL, NULL, 0, '2021-05-07 14:08:07'),
(817, 'ABSENCE URGENTE POUR CHEF DE SERVICE PED ', 1, 8, 93, 28, NULL, NULL, NULL, NULL, 0, '2021-05-07 14:08:07'),
(818, 'ABSENCE URGENTE POUR CHEF DE SERVICE PESAGE GéNéRAL ', 2, 8, 4, 2, 7, NULL, NULL, NULL, 0, '2021-05-07 14:08:07'),
(819, 'ABSENCE URGENTE POUR CHEF DE SERVICE PNSF ', 2, 8, 10, 9, 7, NULL, NULL, NULL, 0, '2021-05-07 14:08:07'),
(820, 'ABSENCE URGENTE POUR CHEF DE SERVICE REPORTING ', 2, 8, 38, 37, 8, NULL, NULL, NULL, 0, '2021-05-07 14:08:07'),
(821, 'ABSENCE URGENTE POUR CHEF DU DéPARTEMENT DE L''INTELLIGENCE ÉCONOMIQUE ', 1, 8, 59, 27, NULL, NULL, NULL, NULL, 0, '2021-05-07 14:08:07'),
(822, 'ABSENCE URGENTE POUR CHEF DU DéPARTEMENT DE LA FORMATION PROFESSIONNELLE ET CONTINUE ', 1, 8, 61, 28, NULL, NULL, NULL, NULL, 0, '2021-05-07 14:08:07'),
(823, 'ABSENCE URGENTE POUR CONSEILLER D''éDUCATION AU SERVICE PED ', 2, 8, 100, 93, 28, NULL, NULL, NULL, 0, '2021-05-07 14:08:07'),
(824, 'ABSENCE URGENTE POUR CONTRôLE DE GESTION ', 1, 8, 56, 14, NULL, NULL, NULL, NULL, 0, '2021-05-07 14:08:07'),
(825, 'ABSENCE URGENTE POUR DéPARTEMENT ANIMATION ET PROMOTION DU SECTEUR PRIVé ', 2, 8, 43, 42, 26, NULL, NULL, NULL, 0, '2021-05-07 14:08:07'),
(826, 'ABSENCE URGENTE POUR DéPARTEMENT APPUI ET CONSEIL AUX ENTREPRISES ', 2, 8, 45, 44, 26, NULL, NULL, NULL, 0, '2021-05-07 14:08:07'),
(827, 'ABSENCE URGENTE POUR DéPARTEMENT CHARGé DES PROJETS ', 2, 8, 47, 46, 26, NULL, NULL, NULL, 0, '2021-05-07 14:08:07'),
(828, 'ABSENCE URGENTE POUR DéPARTEMENT DE L''INTELLIGENCE ÉCONOMIQUE ', 2, 8, 60, 59, 27, NULL, NULL, NULL, 0, '2021-05-07 14:08:07'),
(829, 'ABSENCE URGENTE POUR DéPARTEMENT DE LA FORMATION PROFESSIONNELLE ET CONTINUE ', 2, 8, 62, 61, 28, NULL, NULL, NULL, 0, '2021-05-07 14:08:07'),
(830, 'ABSENCE URGENTE POUR DéPARTEMENT MéDICO-SOCIAL ', 2, 8, 51, 50, 3, NULL, NULL, NULL, 0, '2021-05-07 14:08:07'),
(831, 'ABSENCE URGENTE POUR DéPARTEMENT TRéSORERIE ', 2, 8, 31, 30, 8, NULL, NULL, NULL, 0, '2021-05-07 14:08:07'),
(832, 'ABSENCE URGENTE POUR MOYENS GENERAUX ', 2, 8, 29, 24, 8, NULL, NULL, NULL, 0, '2021-05-07 14:08:07'),
(833, 'ABSENCE URGENTE POUR RESPONSABLE CELLULE TRIE SAN PEDRO ', 2, 8, 71, 64, 7, NULL, NULL, NULL, 0, '2021-05-07 14:08:07'),
(834, 'ABSENCE URGENTE POUR RESPONSABLE DU CENTRE D''ETDE ET DE LANGUE ', 1, 8, 105, 28, NULL, NULL, NULL, NULL, 0, '2021-05-07 14:08:07'),
(835, 'ABSENCE URGENTE POUR RESPONSABLE GESTION DES ELUS ', 1, 8, 17, 15, NULL, NULL, NULL, NULL, 0, '2021-05-07 14:08:07'),
(836, 'ABSENCE URGENTE POUR RESPONSABLE QUALITé ', 1, 8, 92, 28, NULL, NULL, NULL, NULL, 0, '2021-05-07 14:08:07'),
(837, 'ABSENCE URGENTE POUR SECRéTAIRE DU DRH  ', 1, 8, 52, 3, NULL, NULL, NULL, NULL, 0, '2021-05-07 14:08:07'),
(838, 'ABSENCE URGENTE POUR SéCRETARIAT DU DISC ', 1, 8, 6, 7, NULL, NULL, NULL, NULL, 0, '2021-05-07 14:08:07'),
(839, 'ABSENCE URGENTE POUR SERVICE ADMINISTRATIF DE BOUAKé ', 3, 8, 68, 67, 2, 7, NULL, NULL, 0, '2021-05-07 14:08:07'),
(840, 'ABSENCE URGENTE POUR SERVICE ADMINISTRATIF DE SAN-PEDRO ', 3, 8, 1, 11, 2, 7, NULL, NULL, 0, '2021-05-07 14:08:07'),
(841, 'ABSENCE URGENTE POUR SERVICE ADMISSION ET SCOLARITé ', 2, 8, 97, 94, 28, NULL, NULL, NULL, 0, '2021-05-07 14:08:07'),
(842, 'ABSENCE URGENTE POUR SERVICE COMPTABILITé GéNéRALE ', 3, 8, 40, 39, 37, 8, NULL, NULL, 0, '2021-05-07 14:08:07'),
(843, 'ABSENCE URGENTE POUR SERVICE COURRIER ', 1, 8, 58, 14, NULL, NULL, NULL, NULL, 0, '2021-05-07 14:08:07'),
(844, 'ABSENCE URGENTE POUR SERVICE EXPLOTATION ET RECEVABILITé ', 3, 8, 69, 65, 64, 7, NULL, NULL, 0, '2021-05-07 14:08:07'),
(845, 'ABSENCE URGENTE POUR SERVICE GéOLOCALISATION ', 3, 8, 70, 66, 64, 7, NULL, NULL, 0, '2021-05-07 14:08:07'),
(846, 'ABSENCE URGENTE POUR SERVICE JURIDIQUE ET FISCAL ', 3, 8, 36, 35, 34, 8, NULL, NULL, 0, '2021-05-07 14:08:07'),
(847, 'ABSENCE URGENTE POUR SERVICE PED ', 2, 8, 99, 93, 28, NULL, NULL, NULL, 0, '2021-05-07 14:08:07'),
(848, 'ABSENCE URGENTE POUR SERVICE PED (ASSISTANT) ', 3, 8, 103, 101, 93, 28, NULL, NULL, 0, '2021-05-07 14:08:07'),
(849, 'ABSENCE URGENTE POUR SERVICE PED (EDUCATEUR) ', 3, 8, 102, 100, 93, 28, NULL, NULL, 0, '2021-05-07 14:08:07'),
(850, 'ABSENCE URGENTE POUR SERVICE PED (FORMATEUR) ', 3, 8, 104, 101, 93, 28, NULL, NULL, 0, '2021-05-07 14:08:07'),
(851, 'ABSENCE URGENTE POUR SERVICE PESAGE GéNéRAL ', 3, 8, 5, 4, 2, 7, NULL, NULL, 0, '2021-05-07 14:08:07'),
(852, 'ABSENCE URGENTE POUR SERVICE PNSF ', 3, 8, 12, 10, 9, 7, NULL, NULL, 0, '2021-05-07 14:08:07'),
(853, 'ABSENCE URGENTE POUR SERVICE SECRéTARIAT GéNéRAL ', 1, 8, 57, 14, NULL, NULL, NULL, NULL, 0, '2021-05-07 14:08:07'),
(854, 'ABSENCE URGENTE POUR AGENT DU DéPARTEMENT DES SYSTèMES D''INFORMATION ', 2, 8, 33, 32, 8, NULL, NULL, NULL, 0, '2021-05-07 14:16:35');

/*!40101 SET CHARACTER_SET_CLIENT=@OLD_CHARACTER_SET_CLIENT */;
/*!40101 SET CHARACTER_SET_RESULTS=@OLD_CHARACTER_SET_RESULTS */;
/*!40101 SET COLLATION_CONNECTION=@OLD_COLLATION_CONNECTION */;
